timestamp,price
2025-10-14 02:01:16.407,114364.38519523863
2025-10-14 03:02:05.825,113814.46413991987
2025-10-14 04:06:18.555,113637.98369700304
2025-10-14 05:02:12.441,113029.73083499433
2025-10-14 06:02:03.183,112655.30013403119
2025-10-14 07:02:08.664,112094.7164342959
2025-10-14 08:06:06.316,111669.82382780964
2025-10-14 09:00:48.497,111901.5346157505
2025-10-14 10:02:31.399,111209.35444843434
2025-10-14 11:01:22.763,110735.7337032851
2025-10-14 12:02:25.563,111452.06269598994
2025-10-14 13:02:16.419,111029.60238953518
2025-10-14 14:02:21.126,111074.18245173771
2025-10-14 15:04:54.484,111599.09482139278
2025-10-14 16:00:10.102,112668.23161517075
2025-10-14 17:02:19.914,112683.18897145659
2025-10-14 18:00:46.031,112870.01637755331
2025-10-14 19:02:15.244,112929.9397716864
2025-10-14 20:01:20.253,112715.50165167684
2025-10-14 21:02:24.738,112990.21580043276
2025-10-14 22:07:21.157,113442.28069364143
2025-10-14 23:02:22.818,113253.1113223007
2025-10-15 00:02:08.525,113156.56943826913
2025-10-15 01:02:08.055,112995.308511099
2025-10-15 02:02:07.227,112700.04411105992
2025-10-15 03:02:17.003,113062.13544234853
2025-10-15 04:01:43.917,112088.22986745652
2025-10-15 05:00:21.531,112422.24901596077
2025-10-15 06:01:38.084,112476.0869349915
2025-10-15 07:01:38.095,112443.6612941868
2025-10-15 08:01:35.647,112592.77559223701
2025-10-15 09:00:45.005,113042.7817158566
2025-10-15 10:02:05.933,112562.48777658338
2025-10-15 11:05:44.204,112421.39545765055
2025-10-15 12:01:15.195,111972.49734494487
2025-10-15 13:01:21.923,111771.39865374852
2025-10-15 14:00:53.142,111487.93584452692
2025-10-15 15:01:55.608,111121.72507506835
2025-10-15 16:02:49.419,110767.84168895654
2025-10-15 17:02:13.738,110818.25472180649
2025-10-15 18:01:30.619,111199.93148834158
2025-10-15 19:02:47.320,111421.2073092355
2025-10-15 20:01:10.893,111311.1263122397
2025-10-15 21:02:28.482,111172.12653064249
2025-10-15 22:02:20.311,110752.26596267126
2025-10-15 23:02:07.391,110793.48679619528
2025-10-16 00:01:54.012,110708.66960879423
2025-10-16 01:02:12.384,110531.09583273325
2025-10-16 02:01:48.373,111271.68118521282
2025-10-16 03:01:53.264,111516.32075982497
2025-10-16 04:01:55.362,111563.02242448437
2025-10-16 05:02:06.988,111076.6155384864
2025-10-16 06:00:53.519,110968.85054268927
2025-10-16 07:02:02.565,111693.47908038496
2025-10-16 08:01:52.828,110689.07472780014
2025-10-16 09:02:17.389,110871.19673179896
2025-10-16 10:02:29.707,111183.20320387377
2025-10-16 11:02:25.782,111585.59359375246
2025-10-16 12:01:39.741,111444.15250991116
2025-10-16 13:02:03.746,111606.05066574663
2025-10-16 14:02:11.592,110922.2576204432
2025-10-16 15:06:59.486,110648.09858393036
2025-10-16 16:02:33.087,108705.59082599828
2025-10-16 17:02:24.325,108797.48915023833
2025-10-16 18:02:35.998,108351.07919531601
2025-10-16 19:05:35.629,108681.9674782462
2025-10-16 20:02:09.686,108357.1050855725
2025-10-16 21:00:44.324,107808.50597374301
2025-10-16 22:01:46.700,108417.82422450527
2025-10-16 23:01:46.793,107985.60383108161
2025-10-17 00:01:42.076,108168.17353436728
2025-10-17 01:02:00.529,108721.02286448535
2025-10-17 02:04:28.882,108614.70730145884
2025-10-17 03:00:15.856,108850.80479080149
2025-10-17 04:00:23.041,109181.00611204734
2025-10-17 05:01:20.841,108844.69706569162
2025-10-17 06:01:20.048,108418.74567209769
2025-10-17 07:00:28.432,106777.58590344951
2025-10-17 08:02:38.750,105720.55420111967
2025-10-17 09:00:16.895,104941.22576466638
2025-10-17 10:02:28.996,104953.76270225686
2025-10-17 11:01:36.997,104777.54392041727
2025-10-17 12:02:40.796,105637.72456941512
2025-10-17 13:01:42.279,105353.87398216527
2025-10-17 14:01:49.806,105909.58504396181
2025-10-17 15:02:44.651,105410.36143840729
2025-10-17 16:01:38.378,106825.8474195911
2025-10-17 17:02:59.912,106436.7153558714
2025-10-17 18:00:55.516,106458.72871351143
2025-10-17 19:02:14.709,106637.64075028818
2025-10-17 20:01:35.385,106567.25320451484
2025-10-17 21:01:51.470,107107.46307298902
2025-10-17 22:01:55.025,107429.45346955593
2025-10-17 23:01:42.196,107016.94179918483
2025-10-18 00:02:27.752,106443.61194984635
2025-10-18 01:01:05.842,106873.8466281408
2025-10-18 02:02:09.305,107099.65206107982
2025-10-18 03:01:54.443,106609.13013785085
2025-10-18 04:02:17.068,107128.71710851924
2025-10-18 05:01:49.051,106536.96768166094
2025-10-18 06:06:33.837,106794.97175083953
2025-10-18 07:02:06.389,106919.60377644845
2025-10-18 08:00:09.167,107022.8593157679
2025-10-18 09:01:51.416,106803.86682905952
2025-10-18 10:01:25.274,106932.4066286696
2025-10-18 11:02:46.932,106991.11301872972
2025-10-18 12:02:22.785,106980.1455985165
2025-10-18 13:00:11.248,107070.93471032777
2025-10-18 14:02:21.905,106968.26416692934
2025-10-18 15:01:40.479,107011.34462815462
2025-10-18 16:02:18.015,106992.63460145699
2025-10-18 17:02:09.994,106706.53067279152
2025-10-18 18:00:33.468,106897.87467019023
2025-10-18 19:01:15.563,106873.61641543529
2025-10-18 20:03:04.173,107094.35594603926
2025-10-18 21:02:34.189,107044.77083141152
2025-10-18 22:02:09.488,107210.23428047558
2025-10-18 23:01:54.863,107147.81742888642
2025-10-19 00:01:18.811,107156.00337647724
2025-10-19 01:02:18.370,106903.79932474553
2025-10-19 02:01:50.005,106994.99026184587
2025-10-19 03:01:03.793,106892.59199791536
2025-10-19 04:01:50.487,107277.8900097389
2025-10-19 05:01:55.680,107097.55099996917
2025-10-19 06:01:10.384,106894.00465728603
2025-10-19 07:02:12.828,106765.30322754725
2025-10-19 08:01:33.565,106815.08572050236
2025-10-19 09:02:15.508,106489.79430051908
2025-10-19 10:02:15.247,107601.94399619543
2025-10-19 11:01:40.437,107661.60148137854
2025-10-19 12:01:35.422,107804.49082162174
2025-10-19 13:01:58.902,107580.78284153281
2025-10-19 14:01:42.390,108074.73428483192
2025-10-19 15:02:39.950,108440.14412851754
2025-10-19 16:01:51.987,108430.33239110556
2025-10-19 17:01:59.341,108701.68249623412
2025-10-19 18:03:14.344,109198.03762001857
2025-10-19 19:01:35.747,109404.69898589609
2025-10-19 20:01:24.446,108953.78744965605
2025-10-19 21:01:18.919,108899.47537203658
2025-10-19 22:02:12.265,108703.11827939545
2025-10-19 23:05:53.387,108976.71889815509
2025-10-20 00:01:32.977,108655.50525004533
2025-10-20 01:01:53.431,107984.75530202611
2025-10-20 02:01:59.103,108031.89967462847
2025-10-20 03:01:35.248,108802.63136876836
2025-10-20 04:00:30.391,110213.82084744876
2025-10-20 05:02:02.150,110408.77985590181
2025-10-20 06:02:08.401,110988.93843181919
2025-10-20 07:00:56.022,111313.87149220676
2025-10-20 08:02:10.457,111154.61395542785
2025-10-20 09:02:09.712,111127.01051419933
2025-10-20 10:02:05.135,110867.09387240493
2025-10-20 11:02:13.150,110771.30592452061
2025-10-20 12:01:57.812,111032.33988398887
2025-10-20 13:01:46.090,110846.45798521055
2025-10-20 14:02:05.674,111057.76323610534
2025-10-20 15:02:01.271,111322.7026176929
2025-10-20 16:01:44.069,111427.00607037144
2025-10-20 17:02:14.552,110455.59307840143
2025-10-20 18:06:05.663,110340.15173252257
2025-10-20 19:01:53.170,110880.01637720925
2025-10-20 20:01:06.545,110828.02730463324
2025-10-20 21:01:29.880,111027.57915637184
2025-10-20 22:01:29.273,110585.68622264663
2025-10-20 23:01:53.828,110836.40846709388
2025-10-21 00:01:43.169,110608.5714932665
2025-10-21 01:01:26.902,110490.77048453045
2025-10-21 02:01:49.718,110033.27171327456
2025-10-21 03:01:53.495,109587.65776738718
2025-10-21 04:00:49.986,109133.49157778294
2025-10-21 05:02:25.251,107726.40857946868
2025-10-21 06:01:24.865,107603.55609132143
2025-10-21 07:00:45.743,107941.29470249634
2025-10-21 08:02:09.012,108131.8700683883
2025-10-21 09:00:25.975,107766.34807709047
2025-10-21 10:04:13.568,107763.47584764786
2025-10-21 11:01:38.457,108596.10577425564
2025-10-21 12:00:42.132,108617.2385815631
2025-10-21 13:01:36.835,108971.72776049396
2025-10-21 14:01:49.751,108309.2361192458
2025-10-21 15:01:50.157,111287.67777555031
2025-10-21 16:01:38.519,113348.64642768126
2025-10-21 17:00:49.355,113187.82370886576
2025-10-21 18:01:45.303,112242.69050087218
2025-10-21 19:04:36.508,112036.99785939645
2025-10-21 20:01:43.621,112007.191816047
2025-10-21 21:02:13.036,111054.58615655528
2025-10-21 22:00:48.755,110884.56814982755
2025-10-21 23:00:36.945,109054.76698417134
2025-10-22 00:01:47.504,108486.10262716639
2025-10-22 01:02:02.979,108176.85366493631
2025-10-22 02:01:31.102,108312.61477755955
2025-10-22 03:01:37.144,108351.05278027857
2025-10-22 04:00:56.898,108232.82394157407
2025-10-22 05:01:09.087,108647.44801249019
2025-10-22 06:01:51.580,108155.47577191296
2025-10-22 07:01:57.581,108032.84497446724
2025-10-22 08:02:01.734,108275.95914473248
2025-10-22 09:03:22.444,108283.3153134732
2025-10-22 10:01:50.648,108078.33299528153
2025-10-22 11:01:31.203,107750.27429465861
2025-10-22 12:00:43.780,107555.8236449532
2025-10-22 13:02:12.442,108107.16765801999
2025-10-22 14:01:54.312,108357.70532107855
2025-10-22 15:01:24.048,108333.13943669449
2025-10-22 16:01:21.244,108483.40485103302
2025-10-22 17:01:49.707,108424.77914089886
2025-10-22 18:06:07.541,107840.73977460664
2025-10-22 19:01:20.604,108023.06189301437
2025-10-22 20:01:31.717,108009.97571965467
2025-10-22 21:01:46.788,107576.47963570953
2025-10-22 22:02:11.639,107291.22838880101
2025-10-22 23:01:30.671,107087.57222183463
2025-10-23 00:01:17.738,107591.46050939859
2025-10-23 01:02:10.552,107929.70505683837
2025-10-23 02:06:34.049,108160.30780064978
2025-10-23 03:02:32.190,108262.86606683451
2025-10-23 04:01:51.353,108427.32244325992
2025-10-23 05:00:37.318,108715.74633296949
2025-10-23 06:01:28.966,108947.13724391792
2025-10-23 07:01:50.973,110161.63360321848
2025-10-23 08:01:07.517,109330.27512436418
2025-10-23 09:02:26.339,109495.83714322322
2025-10-23 10:01:41.644,109421.78783243243
2025-10-23 11:02:01.857,109478.10035542453
2025-10-23 12:02:09.895,109224.3833219622
2025-10-23 13:02:06.860,109094.58492144197
2025-10-23 14:00:27.743,109592.40562051734
2025-10-23 15:01:25.576,109628.74203736876
2025-10-23 16:01:56.678,110010.57252049325
2025-10-23 17:00:32.266,110228.23713486004
2025-10-23 18:01:46.415,111200.25221791971
2025-10-23 19:01:05.225,110608.17600608674
2025-10-23 20:00:54.510,110259.20500676983
2025-10-23 21:01:50.700,109894.82604619532
2025-10-23 22:06:08.947,109694.02033354466
2025-10-23 23:01:16.719,109976.56229518166
2025-10-24 00:01:32.885,110048.51827291629
2025-10-24 01:01:58.300,110590.88131635876
2025-10-24 02:03:23.505,110570.44696030706
2025-10-24 03:00:55.853,110676.86052315126
2025-10-24 04:02:09.546,110475.2792746721
2025-10-24 05:01:40.101,111294.44433723789
2025-10-24 06:01:53.056,111278.18292651157
2025-10-24 07:01:27.631,111455.90523406792
2025-10-24 08:01:53.193,110990.68405371568
2025-10-24 09:01:56.661,111151.46710179307
2025-10-24 10:01:40.693,111344.38642783243
2025-10-24 11:01:39.714,111213.9317437174
2025-10-24 12:01:39.154,111051.84953520617
2025-10-24 13:02:06.114,111307.25811547365
2025-10-24 14:01:48.333,110838.85709025283
2025-10-24 15:02:07.792,109988.92412004159
2025-10-24 16:01:23.462,110149.04389859618
2025-10-24 17:01:29.344,110215.34810199725
2025-10-24 18:01:45.357,110342.829253726
2025-10-24 19:01:52.497,110585.2481046863
2025-10-24 20:01:48.213,110630.57948719687
2025-10-24 21:01:24.037,110919.40218327155
2025-10-24 22:01:41.873,111087.74174490428
2025-10-24 23:01:31.349,110995.20314850457
2025-10-25 00:01:14.240,110997.80437129698
2025-10-25 01:01:43.849,110742.40086612821
2025-10-25 02:06:10.358,111108.65312045229
2025-10-25 03:01:44.990,111080.28336353975
2025-10-25 04:01:17.401,111036.626561223
2025-10-25 05:01:37.818,111306.02452878485
2025-10-25 06:00:08.353,111338.44291460582
2025-10-25 07:06:51.173,111471.77574252381
2025-10-25 08:00:52.978,111507.89326706811
2025-10-25 09:01:21.761,111738.98925653729
2025-10-25 10:01:23.458,111560.34109927919
2025-10-25 11:01:01.970,111578.64850382108
2025-10-25 12:01:00.739,111600.24101661498
2025-10-25 13:02:14.546,111820.39354605979
2025-10-25 14:01:24.189,111696.70432950435
2025-10-25 15:02:08.685,111587.53286386712
2025-10-25 16:01:34.990,111454.48811350744
2025-10-25 17:01:28.049,111382.63495934718
2025-10-25 18:01:29.669,111303.69891957722
2025-10-25 19:01:30.326,111652.20193757836
2025-10-25 20:01:55.945,111589.25036071423
2025-10-25 21:00:58.850,111436.9480174695
2025-10-25 22:02:05.689,111397.19070064751
2025-10-25 23:01:42.851,111688.03881568028
2025-10-26 00:01:22.473,111620.3093731354
2025-10-26 01:01:54.839,111758.63702762155
2025-10-26 02:01:27.889,111753.27794364102
2025-10-26 03:01:16.251,111464.8648935945
2025-10-26 04:01:29.835,111319.18877311777
2025-10-26 05:01:10.205,111436.09985959985
2025-10-26 06:01:20.297,111635.49772678263
2025-10-26 07:01:54.683,111614.99255495325
2025-10-26 08:00:48.122,111714.20855820262
2025-10-26 09:01:49.036,111826.19227478495
2025-10-26 10:05:43.979,112501.78806508525
2025-10-26 11:01:55.074,112486.22493930868
2025-10-26 12:00:44.965,113282.59454999492
2025-10-26 13:02:17.755,113586.72462343427
2025-10-26 14:01:54.808,113635.90930857442
2025-10-26 15:01:58.947,113578.8366173319
2025-10-26 16:01:01.331,113680.01517857636
2025-10-26 17:00:30.286,113557.60101098006
2025-10-26 18:02:12.302,113484.57948892299
2025-10-26 19:02:06.151,113659.68644218838
2025-10-26 20:06:36.133,113547.67923965938
2025-10-26 21:01:15.240,113450.43372360575
2025-10-26 22:02:06.721,113502.98049760169
2025-10-26 23:01:58.845,114722.01666031986
2025-10-27 00:01:35.763,114476.01227508577
2025-10-27 01:02:04.284,114833.21487111114
2025-10-27 02:02:02.520,115308.49503837402
2025-10-27 03:00:17.245,114916.39023835513
2025-10-27 04:01:06.405,114972.25873472058
2025-10-27 05:01:56.590,115269.0589739152
2025-10-27 06:01:29.862,115513.15524233114
2025-10-27 07:01:49.128,115957.34497996338
2025-10-27 08:01:39.689,115579.33624074656
2025-10-27 09:00:36.270,115013.80014279131
2025-10-27 10:01:50.307,115262.65742354769
2025-10-27 11:01:37.580,115473.70985490437
2025-10-27 12:01:09.301,115358.85880884479
2025-10-27 13:00:47.745,115059.27087470166
2025-10-27 14:01:54.529,115230.79366880337
2025-10-27 15:02:26.192,114727.2314881359
2025-10-27 16:02:16.064,114913.77257348821
2025-10-27 17:02:40.552,115561.48527435142
2025-10-27 18:01:57.229,115625.97153429297
2025-10-27 19:01:18.128,115351.62818111318
2025-10-27 20:01:50.146,114851.0039675739
2025-10-27 21:02:13.243,114556.78780221104
2025-10-27 22:01:44.244,114483.57892379885
2025-10-27 23:03:31.873,114083.62215827091
2025-10-28 00:01:14.861,114182.79442806762
2025-10-28 01:03:03.111,114007.46090415215
2025-10-28 02:01:27.263,114432.66116338983
2025-10-28 03:01:10.146,113915.6145651774
2025-10-28 04:01:15.518,113893.59661408314
2025-10-28 05:01:34.224,114014.14638386737
2025-10-28 06:01:45.264,113598.84106730104
2025-10-28 07:01:50.784,114167.25192120054
2025-10-28 08:01:33.021,114180.58925285893
2025-10-28 09:01:52.934,114409.44738110699
2025-10-28 10:05:10.629,114517.38704647879
2025-10-28 11:02:00.825,114582.85223859442
2025-10-28 12:01:58.518,114330.19264699018
2025-10-28 13:06:17.115,114579.63972598457
2025-10-28 14:02:04.742,115370.86317531622
2025-10-28 15:01:43.446,115047.92316979246
2025-10-28 16:01:37.203,114680.98349398134
2025-10-28 17:02:11.444,115432.20899391148
2025-10-28 18:01:57.642,115390.24148231091
2025-10-28 19:01:54.870,114879.04201216743
2025-10-28 20:01:44.536,113794.77088444383
2025-10-28 21:01:42.923,112848.07396975305
2025-10-28 22:05:29.138,112996.28547098102
2025-10-28 23:01:51.870,113215.0370549014
2025-10-29 00:01:35.278,112950.34863259472
2025-10-29 01:00:23.266,112619.43698929879
2025-10-29 02:01:48.539,112442.13048264038
2025-10-29 03:00:37.601,112661.34220587023
2025-10-29 04:01:14.698,112553.70991070892
2025-10-29 05:01:20.334,112807.01104719764
2025-10-29 06:02:19.564,113053.19741122347
2025-10-29 07:01:28.024,113314.76255765892
2025-10-29 08:00:50.653,113559.64323800545
2025-10-29 09:01:38.239,113068.464139051
2025-10-29 10:00:21.666,113004.85818477189
2025-10-29 11:01:59.949,112901.12769806414
2025-10-29 12:02:19.901,113128.77700040374
2025-10-29 13:00:12.361,113208.25405094813
2025-10-29 14:02:09.000,112936.90520098753
2025-10-29 15:01:02.607,112462.75028238822
2025-10-29 16:01:38.543,111501.30810115003
2025-10-29 17:02:06.990,111227.7335586805
2025-10-29 18:01:53.601,111896.91803955882
2025-10-29 19:02:30.557,111126.90411123922
2025-10-29 20:01:44.328,110741.00143005645
2025-10-29 21:01:53.521,111491.36658136133
2025-10-29 22:01:55.617,111617.67472874184
2025-10-29 23:01:48.091,111207.3808796623
2025-10-30 00:01:33.924,110046.66925837283
2025-10-30 01:06:31.140,110317.09722878615
2025-10-30 02:01:46.459,110669.5906561477
2025-10-30 03:01:59.172,110896.71279230528
2025-10-30 04:03:45.183,110694.92533758724
2025-10-30 05:04:42.122,108604.31193374432
2025-10-30 06:01:51.639,110348.8065936701
2025-10-30 07:01:21.965,110931.4439411162
2025-10-30 08:00:45.151,111315.3215247364
2025-10-30 09:01:01.919,110762.13324946298
2025-10-30 10:01:39.610,110278.97570288778
2025-10-30 11:01:31.282,110096.7126707476
2025-10-30 12:01:47.826,109790.13078494355
2025-10-30 13:01:12.406,108331.49088121804
2025-10-30 14:02:20.608,107908.8997821788
2025-10-30 15:01:33.581,108244.98214482478
2025-10-30 16:01:35.625,107633.23250565244
2025-10-30 17:01:37.132,108008.58442649327
2025-10-30 18:01:10.077,107418.2317332118
2025-10-30 19:01:59.774,106985.72578963387
2025-10-30 20:01:26.921,106786.29956059155
2025-10-30 21:14:51.491,107569.21621221502
2025-10-30 22:01:56.790,107854.90572441464
2025-10-30 23:06:10.241,107811.51124016618
2025-10-31 00:02:23.070,108240.76528725718
2025-10-31 01:02:07.087,109387.53298510259
2025-10-31 02:01:58.180,109637.17189106879
2025-10-31 03:00:19.331,108900.12911986955
2025-10-31 04:02:01.055,109143.784374306
2025-10-31 05:01:56.364,110066.99802604332
2025-10-31 06:01:39.703,109832.92592530162
2025-10-31 07:01:11.061,109616.79036666283
2025-10-31 08:01:52.839,109368.86824190164
2025-10-31 09:01:31.164,109953.24259567405
2025-10-31 10:06:14.284,109825.51298072185
2025-10-31 11:00:41.432,109827.01230324224
2025-10-31 12:01:08.562,110325.2676562982
2025-10-31 13:02:40.556,109710.11918384078
2025-10-31 14:00:54.401,110063.44098949703
2025-10-31 15:01:33.542,110588.71583789948
2025-10-31 16:01:31.982,110323.49114110022
2025-10-31 17:01:06.568,109076.4948704497
2025-10-31 18:01:16.681,109260.98083560332
2025-10-31 19:01:40.715,109297.6374691829
2025-10-31 20:01:09.872,109935.67395777338
2025-10-31 21:01:57.945,109423.68231965421
2025-10-31 22:01:22.968,109554.25982985727
2025-10-31 23:01:29.839,109571.26180211104
2025-11-01 00:01:35.221,109573.90555629115
2025-11-01 01:01:35.977,109633.20394742656
2025-11-01 02:01:52.384,109717.24113095991
2025-11-01 03:00:56.113,109737.30627746301
2025-11-01 04:02:34.311,110082.93634309991
2025-11-01 05:06:30.222,110129.12247259208
2025-11-01 06:01:44.553,110124.53504506861
2025-11-01 07:01:27.560,109931.10405282541
2025-11-01 08:01:14.797,110017.09767500978
2025-11-01 09:02:05.521,110159.76614442114
2025-11-01 10:01:14.015,109919.60407942254
2025-11-01 11:07:31.814,110109.54311950356
2025-11-01 12:01:35.785,110082.74373849711
2025-11-01 13:01:36.558,109985.33850776782
2025-11-01 14:06:34.955,109909.42379420102
2025-11-01 15:01:45.106,109850.43699837709
2025-11-01 16:02:19.121,110123.15150840105
2025-11-01 17:01:15.818,110433.81730690403
2025-11-01 18:01:22.228,110211.91277441476
2025-11-01 19:01:05.343,110328.64617927653
2025-11-01 20:01:23.421,110277.9913786109
2025-11-01 21:02:19.575,110387.56264844722
2025-11-01 22:01:43.749,110015.89644154096
2025-11-01 23:01:23.125,110026.69447298996
2025-11-02 00:02:18.020,110066.94174051797
2025-11-02 01:01:22.452,109932.61994701959
2025-11-02 02:01:56.081,109953.55798231489
2025-11-02 03:04:44.302,109967.13702875398
2025-11-02 04:01:03.966,110006.75161801101
2025-11-02 05:01:20.129,110505.72505906872
2025-11-02 06:01:19.654,110444.5484553532
2025-11-02 07:01:52.707,110658.13518089944
2025-11-02 08:00:54.136,110883.20944824758
2025-11-02 09:02:01.768,110778.32348894267
2025-11-02 10:00:13.238,110596.23194748371
2025-11-02 11:01:34.946,110391.52172986242
2025-11-02 12:01:55.141,111057.64793364429
2025-11-02 13:03:13.784,110688.82532962412
2025-11-02 14:01:57.990,110481.94435751066
2025-11-02 15:00:44.665,110372.81685863339
2025-11-02 16:02:11.952,110211.2339874412
2025-11-02 17:02:12.188,110052.69360433816
2025-11-02 18:01:27.577,110076.2963719595
2025-11-02 19:01:44.763,110290.60648211652
2025-11-02 20:06:02.570,110153.50675474871
2025-11-02 21:01:51.877,110059.12871605546
2025-11-02 22:01:23.229,110024.17454330286
2025-11-02 23:01:24.645,109715.8643029032
2025-11-03 00:01:44.627,110650.2092823146
2025-11-03 01:01:14.193,110018.317867804
2025-11-03 02:01:27.898,109635.30840416232
2025-11-03 03:02:01.852,108986.50138920068
2025-11-03 04:01:26.325,107960.96906385706
2025-11-03 05:01:39.212,107936.88490722963
2025-11-03 06:01:17.472,107571.49051149774
2025-11-03 07:00:18.060,107421.10889005783
2025-11-03 08:01:07.947,107533.41546387474
2025-11-03 09:02:03.684,107485.27763737425
2025-11-03 10:01:55.288,107098.27941759853
2025-11-03 11:00:06.921,107221.82336402568
2025-11-03 12:01:52.745,107778.50595672156
2025-11-03 13:01:44.854,107819.07564597504
2025-11-03 14:01:59.347,107993.55839394528
2025-11-03 15:01:14.313,108030.11548756582
2025-11-03 16:00:35.420,105802.32388987354
2025-11-03 17:02:30.929,106575.48692061796
2025-11-03 18:07:39.623,107516.83881123543
2025-11-03 19:01:06.835,106990.1568862012
2025-11-03 20:01:48.619,107144.57701710037
2025-11-03 21:01:53.862,106434.31724984784
2025-11-03 22:03:55.506,106767.96027114005
2025-11-03 23:00:57.330,106436.50508904329
2025-11-04 00:01:38.487,106521.08673825761
2025-11-04 01:01:55.679,106525.49363967453
2025-11-04 02:01:00.940,107031.07828710617
2025-11-04 03:01:47.529,106544.91673767386
2025-11-04 04:26:48.458,107006.67993352086
2025-11-04 05:01:37.525,106740.9220707469
2025-11-04 06:02:01.088,104495.10034240519
2025-11-04 07:01:56.269,104662.08300822478
2025-11-04 08:01:58.132,104499.67618718465
2025-11-04 09:01:30.230,103968.27278517361
2025-11-04 10:02:07.065,103683.17783465057
2025-11-04 11:13:13.466,103878.8890681683
2025-11-04 12:00:43.574,104515.63087759502
2025-11-04 13:00:38.525,103921.77781269916
2025-11-04 14:01:40.901,103986.98190866993
2025-11-04 15:01:59.450,104493.56809229
2025-11-04 16:01:40.017,103688.15994227816
2025-11-04 17:00:42.394,102197.51890859473
2025-11-04 18:01:57.735,101087.14972322472
2025-11-04 19:06:11.540,101323.61811871242
2025-11-04 20:01:43.898,100646.68432249104
2025-11-04 21:01:52.514,100636.32354832368
2025-11-04 22:02:01.029,99607.01075510254
2025-11-04 23:00:56.959,101168.08182774446
2025-11-05 00:00:52.526,101480.76659609629
2025-11-05 01:01:44.676,100597.77032324848
2025-11-05 02:01:46.013,100550.26711207266
2025-11-05 03:01:38.146,101388.76296014924
2025-11-05 04:04:39.108,102128.211157246
2025-11-05 05:01:18.089,101969.69331492866
2025-11-05 06:02:06.285,101772.01348925575
2025-11-05 07:02:09.056,102033.240675827
2025-11-05 08:01:53.306,101999.4559589914
2025-11-05 09:00:25.088,101773.61102518206
2025-11-05 10:01:49.493,101933.7303540105
2025-11-05 11:00:48.719,101387.2583128507
2025-11-05 12:01:07.820,102042.61664345585
2025-11-05 13:01:13.683,102637.53102512867
2025-11-05 14:02:09.769,103178.71392918345
2025-11-05 15:01:43.467,103254.86103548636
2025-11-05 16:02:01.452,103656.46567931224
2025-11-05 17:01:30.271,103925.91690514336
2025-11-05 18:05:51.605,103800.78962815827
2025-11-05 19:01:38.377,104346.43586243482
2025-11-05 20:00:50.209,104037.50946331791
2025-11-05 21:01:59.103,103880.5646805363
2025-11-05 22:00:25.195,103664.70414009251
2025-11-05 23:01:43.827,103731.59710288851
2025-11-06 00:00:22.183,103877.95965955159
2025-11-06 01:01:34.036,103639.47702996855
2025-11-06 02:01:39.070,103412.82979594373
2025-11-06 03:01:20.840,103356.79597853754
2025-11-06 04:00:21.415,103654.67019229465
2025-11-06 05:02:08.846,103932.89522342409
2025-11-06 06:01:43.199,103108.69042491789
2025-11-06 07:01:38.160,103321.41575225303
2025-11-06 08:01:40.055,103076.45602196058
2025-11-06 09:01:37.212,103153.12828697833
2025-11-06 10:01:33.155,102934.65773328801
2025-11-06 11:01:51.373,103157.23179932697
2025-11-06 12:02:14.683,103173.53022259961
2025-11-06 13:01:43.126,102491.2141849583
2025-11-06 14:01:48.140,103357.38932054461
2025-11-06 15:01:44.281,102154.94026040785
2025-11-06 16:00:00.233,102005.61693405536
2025-11-06 17:01:51.829,100982.74301592483
2025-11-06 18:01:15.007,101734.8589507412
2025-11-06 19:02:10.807,101999.13845655147
2025-11-06 20:02:04.605,101276.82758684293
2025-11-06 21:01:44.036,100899.81657202521
2025-11-06 22:06:31.279,101057.8584929035
2025-11-06 23:01:21.529,101313.84894808239
2025-11-07 00:01:40.592,101322.6402945857
2025-11-07 01:01:31.937,101458.11927364433
2025-11-07 02:01:43.477,101185.58654734504
2025-11-07 03:01:44.627,101743.90791378342
2025-11-07 04:01:24.359,101900.48469435416
2025-11-07 05:06:44.740,101992.14307285684
2025-11-07 06:01:18.377,102379.79412139188
2025-11-07 07:01:09.891,101828.44391191726
2025-11-07 08:01:45.580,101944.91052873195
2025-11-07 09:00:29.941,101442.58822995886
2025-11-07 10:01:46.531,100843.76636135658
2025-11-07 11:01:45.904,100653.82067494563
2025-11-07 12:01:17.548,100379.85016954866
2025-11-07 13:01:45.927,99376.95023489367
2025-11-07 14:02:13.451,100349.33961029815
2025-11-07 15:02:02.593,100576.81553428677
2025-11-07 16:01:14.958,100870.55029636277
2025-11-07 17:02:23.707,101051.07699155441
2025-11-07 18:01:29.126,101941.67780129392
2025-11-07 19:01:41.731,102500.57328926233
2025-11-07 20:02:02.974,103155.89162341185
2025-11-07 21:01:41.024,103697.33774117324
2025-11-07 22:01:58.938,103654.14505829246
2025-11-07 23:01:50.796,103679.45665090723
2025-11-08 00:01:19.318,103396.084215925
2025-11-08 01:02:05.385,102715.4539446828
2025-11-08 02:01:48.794,102982.31416998322
2025-11-08 03:01:43.352,102760.76725917646
2025-11-08 04:05:59.275,102634.83000856158
2025-11-08 05:01:37.599,102449.98562373393
2025-11-08 06:06:09.462,102243.34448259883
2025-11-08 07:02:05.538,102202.7848106458
2025-11-08 08:01:29.807,102297.36217714153
2025-11-08 09:01:23.821,102438.90703081318
2025-11-08 10:01:26.879,102289.86488673152
2025-11-08 11:01:04.587,102451.7651944155
2025-11-08 12:02:10.440,101759.0034350087
2025-11-08 13:03:35.656,101992.14515181544
2025-11-08 14:01:16.565,101892.91438922462
2025-11-08 15:02:10.148,101849.10009853727
2025-11-08 16:06:09.019,101704.4483335384
2025-11-08 17:02:11.908,101711.32218806763
2025-11-08 18:01:18.435,101903.11995819483
2025-11-08 19:01:55.780,102105.1964717283
2025-11-08 20:07:02.779,101999.93243094803
2025-11-08 21:02:45.734,102046.14108260717
2025-11-08 22:01:49.541,102262.98727253689
2025-11-08 23:01:41.165,102371.4061315383
2025-11-09 00:01:15.550,102290.13714655167
2025-11-09 01:02:49.338,101773.3793240841
2025-11-09 02:02:13.919,102009.72966218833
2025-11-09 03:01:50.991,101712.74816529531
2025-11-09 04:04:02.487,101645.1231585367
2025-11-09 05:03:30.232,101688.26449602528
2025-11-09 06:04:34.672,101855.41775064683
2025-11-09 07:01:09.675,101744.83607202943
2025-11-09 08:09:18.768,101900.23463623768
2025-11-09 09:02:08.427,101984.64073315987
2025-11-09 10:01:20.180,101646.14999346313
2025-11-09 11:02:32.833,101819.95347249864
2025-11-09 12:02:38.736,102223.9911944868
2025-11-09 13:01:12.055,102061.25518361686
2025-11-09 14:06:29.482,102806.15548240683
2025-11-09 15:01:07.351,103002.90480594612
2025-11-09 16:00:15.404,103771.93748139605
2025-11-09 17:00:15.912,103808.8719909636
2025-11-09 18:02:48.849,103590.01135878728
2025-11-09 19:01:16.940,104475.7039602516
2025-11-09 20:02:05.980,104763.27899819663
2025-11-09 21:06:26.051,104592.07380618309
2025-11-09 22:01:59.886,104492.78935706745
2025-11-09 23:01:04.032,104752.95053935901
2025-11-10 00:02:23.187,104709.67861656273
2025-11-10 01:07:45.239,106437.47072004834
2025-11-10 02:02:12.187,105795.36933793766
2025-11-10 03:02:35.889,105830.74189620472
2025-11-10 04:02:03.602,106063.26019488835
2025-11-10 05:01:25.394,106137.42909984663
2025-11-10 06:03:01.064,106051.34711837734
2025-11-10 07:03:30.999,106182.45857867075
2025-11-10 08:03:31.580,106389.41846695701
2025-11-10 09:05:00.036,105994.61417480832
2025-11-10 10:03:56.164,106322.74289214246
2025-11-10 11:03:18.938,105974.97621353867
2025-11-10 12:00:06.325,106217.53869865701
2025-11-10 13:07:02.250,106010.3657815943
2025-11-10 14:03:21.198,106433.08662148254
2025-11-10 15:04:58.142,104886.70025464354
2025-11-10 16:02:50.379,104817.08621017814
2025-11-10 17:02:01.622,105081.47523179746
2025-11-10 18:02:15.835,105761.80228393292
2025-11-10 19:02:21.423,105749.51837137238
2025-11-10 20:02:44.867,105980.96858470592
2025-11-10 21:03:13.589,105832.62479511046
2025-11-10 22:00:29.216,105365.64531823278
2025-11-10 23:03:51.676,105962.37741033119
2025-11-11 00:02:46.589,105951.49599987874
2025-11-11 01:02:47.092,105802.9367867553
2025-11-11 02:01:46.713,106407.58784734254
2025-11-11 03:02:06.201,106562.39225208403
2025-11-11 04:01:10.970,106421.15700923627
2025-11-11 05:01:47.895,105704.19231300104
2025-11-11 06:02:59.112,105368.00290068945
2025-11-11 07:02:39.550,105125.37472552706
2025-11-11 08:04:14.784,104817.13681196816
2025-11-11 09:02:00.639,105069.62664948203
2025-11-11 10:03:28.050,104979.285239714
2025-11-11 11:02:13.305,105093.73634044589
2025-11-11 12:02:33.137,105259.74074906776
2025-11-11 13:03:12.218,104617.12066870801
2025-11-11 14:03:16.626,104365.67188177325
2025-11-11 15:01:01.707,104552.3502088678
2025-11-11 16:03:32.107,103443.40957523316
2025-11-11 17:00:57.203,103349.98145849447
2025-11-11 18:01:22.763,103333.89627874565
2025-11-11 19:02:08.476,103372.67792702756
2025-11-11 20:00:29.578,103132.12729788413
2025-11-11 21:02:00.781,102802.45077379714
2025-11-11 22:01:52.540,102667.41045135185
2025-11-11 23:01:48.552,103054.46565583264
2025-11-12 00:03:11.173,103112.21006199118
2025-11-12 01:02:38.889,102916.57378963697
2025-11-12 02:01:35.876,103289.24957936736
2025-11-12 03:02:15.678,103166.96340808774
2025-11-12 04:02:21.813,103342.08145942238
2025-11-12 05:02:16.408,103221.37966995685
2025-11-12 06:00:56.532,103339.0391440912
2025-11-12 07:06:51.497,103334.61374251803
2025-11-12 08:02:21.094,103127.80344851015
2025-11-12 09:01:29.730,104113.8905824956
2025-11-12 10:03:13.853,104492.38331203924
2025-11-12 11:01:54.972,104863.66774656922
2025-11-12 12:02:00.923,104954.50621389574
2025-11-12 13:02:11.498,105006.07980042745
2025-11-12 14:02:32.911,105022.75744131194
2025-11-12 15:02:39.307,104075.71291390594
2025-11-12 16:02:50.664,102145.9531652112
2025-11-12 17:03:20.577,101444.67817036604
2025-11-12 18:02:16.464,101788.23430907767
2025-11-12 19:02:22.815,101504.32134664059
2025-11-12 20:00:39.012,101260.93984772495
2025-11-12 21:01:54.811,101630.51242062467
2025-11-12 22:02:41.843,101801.95999693112
2025-11-12 23:01:50.102,101913.3933023448
2025-11-13 00:01:07.184,101633.69431605682
2025-11-13 01:00:09.255,101876.29048795607
2025-11-13 02:01:21.090,101981.87201997676
2025-11-13 03:02:07.106,102054.40332264762
2025-11-13 04:03:34.865,102044.4931918434
2025-11-13 05:02:20.700,102073.42099658873
2025-11-13 06:01:36.463,103029.50743186369
2025-11-13 07:00:58.034,103562.66143693223
2025-11-13 08:01:47.909,103422.5006857592
2025-11-13 09:00:54.897,103690.14874445791
2025-11-13 10:02:22.249,102648.55558586399
2025-11-13 11:02:54.432,102954.65291006544
2025-11-13 12:01:16.512,103003.95298511222
2025-11-13 13:02:48.870,103114.55691491751
2025-11-13 14:04:08.631,102241.51278596486
2025-11-13 15:02:44.725,102691.14476975323
2025-11-13 16:01:09.692,101345.79363171961
2025-11-13 17:01:12.162,100550.22498409291
2025-11-13 18:02:45.047,99868.93466120417
2025-11-13 19:01:41.828,98499.58929937644
2025-11-13 20:03:22.855,98471.69742857604
2025-11-13 21:04:10.557,98191.1935047109
2025-11-13 22:01:56.588,98820.12839738459
2025-11-13 23:04:27.735,99564.31976292176
2025-11-14 00:02:37.270,99480.30709081261
2025-11-14 01:02:07.452,98848.80307501607
2025-11-14 02:07:05.459,99440.00117061166
2025-11-14 03:01:52.629,99577.62299959856
2025-11-14 04:01:51.428,99036.19227896446
2025-11-14 05:02:49.962,97848.91128621758
2025-11-14 06:02:01.723,97446.6368086517
2025-11-14 07:02:31.175,96564.41622007711
2025-11-14 08:02:41.805,97079.06996428588
2025-11-14 09:03:26.189,97312.89945759969
2025-11-14 10:07:46.527,96795.18129221586
2025-11-14 11:02:02.715,96920.28920656123
2025-11-14 12:02:36.694,95819.68691458952
2025-11-14 13:03:48.809,95296.60503081536
2025-11-14 14:02:06.895,95241.05644598886
2025-11-14 15:07:51.524,96362.58649575851
2025-11-14 16:02:09.678,96819.65495388838
2025-11-14 17:04:49.505,96955.42146983933
2025-11-14 18:03:40.956,95919.93121646653
2025-11-14 19:03:51.744,94949.47686170448
2025-11-14 20:03:57.876,95680.15817119366
2025-11-14 21:02:26.662,94283.3183775619
2025-11-14 22:01:18.042,94984.54902473916
2025-11-14 23:03:01.423,95035.6962076555
2025-11-15 00:02:52.211,94456.39368235337
2025-11-15 01:02:26.488,95056.92230653927
2025-11-15 02:04:17.829,95431.29146613317
2025-11-15 03:02:23.982,96031.12559501508
2025-11-15 04:03:35.883,96298.38479151065
2025-11-15 05:01:34.314,96047.4865729926
2025-11-15 06:01:06.514,96265.2502418558
2025-11-15 07:04:31.926,95977.49525466909
2025-11-15 08:02:27.870,96254.50899880087
2025-11-15 09:02:21.525,95694.22203843665
2025-11-15 10:01:34.278,95745.88184705628
2025-11-15 11:02:34.876,95927.01760474025
2025-11-15 12:01:53.008,95592.6216314951
2025-11-15 13:00:26.255,95757.82238627647
2025-11-15 14:03:39.841,96155.0958182461
2025-11-15 15:02:37.686,96169.90063933
2025-11-15 16:01:00.949,96286.03929229225
2025-11-15 17:01:23.523,96077.58959223628
2025-11-15 18:01:05.857,96138.6880384919
2025-11-15 19:03:51.002,95967.572134253
2025-11-15 20:01:33.621,95953.58805786683
2025-11-15 21:02:40.318,95157.1249287783
2025-11-15 22:01:47.620,95120.4666431176
2025-11-15 23:02:24.577,95462.10254025694
2025-11-16 00:01:19.676,95508.31019889197
2025-11-16 01:01:54.526,95491.49459334373
2025-11-16 02:00:45.218,95283.11168717957
2025-11-16 03:01:37.496,95798.1745545339
2025-11-16 04:01:16.201,95719.69705684323
2025-11-16 05:01:33.437,95737.46923754059
2025-11-16 06:01:53.228,95883.93213436472
2025-11-16 07:02:31.369,95880.5444536877
2025-11-16 08:02:47.762,95960.55565176814
2025-11-16 09:02:02.897,96034.67154571296
2025-11-16 10:01:53.564,96384.15305336655
2025-11-16 11:02:51.563,96389.5455878607
2025-11-16 12:01:13.930,95583.82063841003
2025-11-16 13:02:20.763,95761.64901782198
2025-11-16 14:02:01.278,95295.37788590851
2025-11-16 15:01:56.171,95509.26165829941
2025-11-16 16:06:20.812,94432.59007222761
2025-11-16 17:03:37.993,94271.52771677649
2025-11-16 18:03:08.858,94494.04826059942
2025-11-16 19:07:09.436,94075.74536272357
2025-11-16 20:02:18.314,93965.57751998551
2025-11-16 21:01:36.923,94163.5335376579
2025-11-16 22:02:08.332,93433.66694390765
2025-11-16 23:02:32.433,93901.72469574874
2025-11-17 00:02:16.306,94411.32947182967
2025-11-17 01:01:35.531,95018.70946669782
2025-11-17 02:01:37.001,94743.71910875349
2025-11-17 03:01:14.470,94883.08693368554
2025-11-17 04:01:10.722,95410.20980862057
2025-11-17 05:01:11.419,95029.56191622395
2025-11-17 06:00:52.901,95110.34739390132
2025-11-17 07:01:48.564,95112.63648226857
2025-11-17 08:01:11.497,95608.1449811907
2025-11-17 09:00:49.109,95539.03801113102
2025-11-17 10:01:16.550,95585.37736079912
2025-11-17 11:01:36.859,95591.41232025836
2025-11-17 12:01:41.332,95469.74759588263
2025-11-17 13:01:54.940,95284.34982777115
2025-11-17 14:01:57.739,93588.79918192723
2025-11-17 15:02:27.769,94710.62331700517
2025-11-17 16:01:35.860,94051.61340106626
2025-11-17 17:03:17.649,94211.88080708894
2025-11-17 18:01:15.116,92693.12140214864
2025-11-17 19:01:22.973,92535.84702652463
2025-11-17 20:02:06.749,91640.14882690794
2025-11-17 21:01:51.674,91833.22202819384
2025-11-17 22:02:03.633,91753.34576221506
2025-11-17 23:02:39.419,92134.03937002398
2025-11-18 00:01:34.625,92036.7255045672
2025-11-18 01:00:55.636,92021.6262095287
2025-11-18 02:02:10.693,91558.85615755047
2025-11-18 03:01:39.228,91092.76823678352
2025-11-18 04:01:47.723,90652.60810177954
2025-11-18 05:01:33.223,89455.50494356749
2025-11-18 06:05:54.243,90004.10028616714
2025-11-18 07:02:38.098,89621.24130250733
2025-11-18 08:01:56.965,90365.88164308696
2025-11-18 09:01:44.297,91196.77205831034
2025-11-18 10:02:52.579,91156.07950538011
2025-11-18 11:01:11.405,91317.66343989004
2025-11-18 12:02:13.744,91530.57805634485
2025-11-18 13:01:36.498,91392.17769914331
2025-11-18 14:01:12.741,91517.69831698827
2025-11-18 15:01:20.801,91339.4424845794
2025-11-18 16:02:46.154,92822.47774403078
2025-11-18 17:01:54.042,93375.36664950007
2025-11-18 18:01:52.275,93158.16472313125
2025-11-18 19:01:52.615,93403.70885600006
2025-11-18 20:01:59.848,92981.43569314104
2025-11-18 21:01:10.759,92777.62090866495
2025-11-18 22:03:03.756,92515.36707928116
2025-11-18 23:01:57.373,93145.7577097744
2025-11-19 00:01:44.645,92819.75921500899
2025-11-19 01:01:06.704,92400.18422112228
2025-11-19 02:00:35.202,92268.6107755994
2025-11-19 03:01:09.158,92658.36376897985
2025-11-19 04:01:53.748,91770.49379634741
2025-11-19 05:03:03.184,91181.02360657543
2025-11-19 06:02:47.314,90291.88158823938
2025-11-19 07:00:48.486,90908.6030740127
2025-11-19 08:01:27.159,91807.7811687458
2025-11-19 09:00:18.398,91376.60203924956
2025-11-19 10:03:04.409,91479.70896525517
2025-11-19 11:00:31.517,91261.52195996167
2025-11-19 12:01:10.256,91350.21955929743
2025-11-19 13:03:05.627,91665.72798785109
2025-11-19 14:00:19.706,91286.76471155703
2025-11-19 15:01:16.201,91639.4337567779
2025-11-19 16:03:08.628,90038.013016151
2025-11-19 17:02:11.122,89576.80899490738
2025-11-19 18:01:45.562,89177.53452917136
2025-11-19 19:03:04.964,89019.2154608275
2025-11-19 20:03:20.541,88762.88762887781
2025-11-19 21:03:07.134,89413.15734492631
2025-11-19 22:01:31.538,90565.04904823833
2025-11-19 23:01:45.765,90392.70214748924
2025-11-20 00:04:14.715,91408.3573343969
2025-11-20 01:02:23.494,91801.78214087617
2025-11-20 02:01:30.328,92482.24983082066
2025-11-20 03:01:25.312,92531.90340393817
2025-11-20 04:00:18.745,92385.45865520145
2025-11-20 05:01:43.021,92566.32055040535
2025-11-20 06:02:19.332,92570.04745042275
2025-11-20 07:01:26.889,91755.99350809936
2025-11-20 08:02:02.397,92166.86960066571
2025-11-20 09:03:45.504,92032.79480278557
2025-11-20 10:01:37.795,91818.1874727911
2025-11-20 11:02:11.620,91718.60185264867
2025-11-20 12:02:32.106,91901.93837343162
2025-11-20 13:00:13.320,91798.67091546213
2025-11-20 14:04:36.821,91464.54154179862
2025-11-20 15:01:41.218,90911.42408226829
2025-11-20 16:02:02.574,90092.09867123888
2025-11-20 17:02:33.059,87886.33968417272
2025-11-20 18:00:26.613,87122.85275038907
2025-11-20 19:01:07.027,86381.8144325911
2025-11-20 20:01:57.818,86519.06969182966
2025-11-20 21:01:57.998,86400.94338405883
2025-11-20 22:02:45.445,87438.47255599877
2025-11-20 23:07:50.285,87734.6972205648
2025-11-21 00:02:22.588,86649.97257918229
2025-11-21 01:02:02.878,87272.32453457452
2025-11-21 02:01:44.299,86942.8207129236
2025-11-21 03:01:27.161,85432.57790570673
2025-11-21 04:02:49.719,85723.30282625431
2025-11-21 05:02:56.964,85978.39064292405
2025-11-21 06:03:14.023,86049.25521434317
2025-11-21 07:01:56.281,85514.45658072259
2025-11-21 08:02:05.790,83851.27683702475
2025-11-21 09:01:23.646,83590.7005306836
2025-11-21 10:00:12.435,82175.40356149618
2025-11-21 11:00:13.145,82615.07551818955
2025-11-21 12:01:16.233,82221.7446749368
2025-11-21 13:00:38.206,83286.1225027911
2025-11-21 14:03:57.373,83864.23423540166
2025-11-21 15:03:59.329,84511.74291548287
2025-11-21 16:01:09.577,82884.30868211198
2025-11-21 17:01:23.509,84739.6255398434
2025-11-21 18:01:18.075,84913.0729874851
2025-11-21 19:01:02.233,84641.6139769286
2025-11-21 20:02:44.125,84168.35449595493
2025-11-21 21:00:59.563,84446.9737662883
2025-11-21 22:01:19.651,85208.562675287
2025-11-21 23:03:00.570,84164.15221203933
2025-11-22 00:06:52.952,85087.95256265256
2025-11-22 01:01:47.788,84632.32615262516
2025-11-22 02:01:11.349,85073.94428844296
2025-11-22 03:02:31.565,84411.49842860084
2025-11-22 04:03:07.690,84440.45929132821
2025-11-22 05:01:24.758,84171.02617057133
2025-11-22 06:02:15.116,84183.98087014584
2025-11-22 07:01:56.714,84608.1776959886
2025-11-22 08:01:38.837,84520.59868697087
2025-11-22 09:02:12.126,83955.54638486027
2025-11-22 10:02:49.596,83908.27229302817
2025-11-22 11:02:45.768,83573.94937207477
2025-11-22 12:05:58.488,84136.62092908195
2025-11-22 13:02:49.193,83811.1247896444
2025-11-22 14:02:06.349,83989.47324134705
2025-11-22 15:07:03.721,84424.11447950368
2025-11-22 16:01:57.907,84087.07644835964
2025-11-22 17:02:47.155,84589.41913440154
2025-11-22 18:00:01.685,84475.97663358059
2025-11-22 19:00:00.151,84547.88982444437
2025-11-22 20:01:04.263,84585.5004705877
2025-11-22 21:03:07.580,84392.63644908676
2025-11-22 22:02:05.194,84388.38816540038
2025-11-22 23:01:37.126,85095.90189021763
2025-11-23 00:06:57.390,84675.50764856212
2025-11-23 01:01:52.875,84926.95123377659
2025-11-23 02:01:33.435,85803.91615173663
2025-11-23 03:01:46.190,86048.76826682864
2025-11-23 04:03:29.555,86218.8691684945
2025-11-23 05:02:03.293,86493.0061086547
2025-11-23 06:01:56.280,86205.96710156095
2025-11-23 07:01:20.732,85877.58507132971
2025-11-23 08:02:11.612,85644.68716163798
2025-11-23 09:01:03.765,86100.51796890023
2025-11-23 10:03:05.702,86351.27694702415
2025-11-23 11:01:03.194,86026.91718597314
2025-11-23 12:01:35.583,86243.91516556634
2025-11-23 13:01:55.034,86586.77250157468
2025-11-23 14:02:37.460,86934.67772560028
2025-11-23 15:01:33.420,86513.35909072272
2025-11-23 16:06:50.833,87226.47681707368
2025-11-23 17:00:53.510,87096.8864583934
2025-11-23 18:07:43.548,86838.44324049076
2025-11-23 19:01:53.047,86981.9427005984
2025-11-23 20:03:23.363,87381.61979501754
2025-11-23 21:00:27.962,87459.00743553902
2025-11-23 22:01:43.997,87856.91104466101
2025-11-23 23:01:05.290,87854.91896866458
2025-11-24 00:02:13.715,86783.84766839583
2025-11-24 01:02:25.421,86628.2459764275
2025-11-24 02:01:38.720,86848.54665879114
2025-11-24 03:06:34.127,87498.4558089519
2025-11-24 04:01:44.812,87280.45777186136
2025-11-24 05:03:04.252,86752.70249543806
2025-11-24 06:02:53.968,87387.45679921281
2025-11-24 07:02:39.967,86844.70882045799
2025-11-24 08:01:55.934,87075.74513315319
2025-11-24 09:01:39.745,86764.94391947515
2025-11-24 10:02:19.655,85953.91955751604
2025-11-24 11:01:42.555,86001.79035541319
2025-11-24 12:01:52.847,86268.29336648472
2025-11-24 13:00:55.710,85957.05408472917
2025-11-24 14:00:37.688,86269.6656515316
2025-11-24 15:02:38.643,86192.31160547498
2025-11-24 16:01:37.296,86425.72745227045
2025-11-24 17:02:08.033,87219.59492448122
2025-11-24 18:01:58.882,88428.17629657475
2025-11-24 19:00:57.631,88599.03241522705
2025-11-24 20:01:24.461,88356.83122629141
2025-11-24 21:01:44.944,89111.75024576523
2025-11-24 22:01:50.553,88749.78735098541
2025-11-24 23:01:02.805,88631.71085966966
2025-11-25 00:01:27.963,88229.35740719768
2025-11-25 01:01:43.710,88139.41175889166
2025-11-25 02:00:41.477,87829.57652809896
2025-11-25 03:00:16.508,87759.23926010152
2025-11-25 04:01:47.150,87710.53378537255
2025-11-25 05:01:25.635,88416.26556192817
2025-11-25 06:01:12.025,88100.74473486726
2025-11-25 07:02:27.622,87851.67691247856
2025-11-25 08:01:01.499,87385.4867712119
2025-11-25 09:02:32.264,87126.88420569089
2025-11-25 10:02:51.850,87035.34816069364
2025-11-25 11:03:54.730,87349.3248932984
2025-11-25 12:01:47.714,87368.70154934759
2025-11-25 13:00:52.534,87488.65596440769
2025-11-25 14:01:53.066,86898.36528137974
2025-11-25 15:02:12.298,86396.68263644705
2025-11-25 16:00:42.786,86910.96082919533
2025-11-25 17:01:39.085,87078.39643422313
2025-11-25 18:07:55.357,87515.4235640805
2025-11-25 19:02:56.100,87228.88735414941
2025-11-25 20:02:50.689,86826.83681405816
2025-11-25 21:01:15.929,87340.34991860151
2025-11-25 22:01:05.601,86978.09855205339
2025-11-25 23:01:10.540,87594.72411303585
2025-11-26 00:00:39.104,87310.33159950442
2025-11-26 01:02:19.920,87519.74766739071
2025-11-26 02:02:17.495,87884.060172756
2025-11-26 03:01:44.287,87758.1678796271
2025-11-26 04:01:48.266,87091.71946980437
2025-11-26 05:02:11.688,87198.0485583665
2025-11-26 06:01:48.895,87533.46385277133
2025-11-26 07:01:48.642,87794.92494380343
2025-11-26 08:00:55.607,87888.58561715245
2025-11-26 09:01:05.284,87388.00383293368
2025-11-26 10:01:51.826,86805.57291021988
2025-11-26 11:01:58.890,86942.3183287508
2025-11-26 12:02:01.534,87016.31004378395
2025-11-26 13:02:09.436,86597.45451490527
2025-11-26 14:02:26.538,87032.2237573809
2025-11-26 15:01:49.916,86938.44033179866
2025-11-26 16:01:01.256,86900.39403850977
2025-11-26 17:01:09.751,87816.9620054015
2025-11-26 18:02:13.829,89679.636920768
2025-11-26 19:03:20.062,90135.4617095681
2025-11-26 20:02:04.772,89974.73440191097
2025-11-26 21:01:29.470,89892.71151639915
2025-11-26 22:01:09.927,90177.58874212035
2025-11-26 23:01:43.915,90249.96897580565
2025-11-27 00:02:09.946,90474.22677969698
2025-11-27 01:00:45.907,90443.99930725468
2025-11-27 02:01:50.868,90672.63665569115
2025-11-27 03:02:15.498,91587.21677348937
2025-11-27 04:03:17.999,91164.97533596179
2025-11-27 05:01:31.668,91263.33732195737
2025-11-27 06:01:53.908,90939.97388637412
2025-11-27 07:02:30.301,91200.42621055408
2025-11-27 08:01:05.939,91381.43807412974
2025-11-27 09:02:58.443,91478.05273667352
2025-11-27 10:01:34.794,91576.58973024273
2025-11-27 11:01:10.942,91598.34021650812
2025-11-27 12:01:27.618,91376.7077706091
2025-11-27 13:01:26.413,90987.79712414106
2025-11-27 14:02:18.440,90905.09240108743
2025-11-27 15:01:52.040,90761.6833187102
2025-11-27 16:00:39.642,90920.42601556465
2025-11-27 17:01:48.552,91459.50551449621
2025-11-27 18:02:24.545,91442.5470438727
2025-11-27 19:01:43.947,91804.82094206505
2025-11-27 20:01:57.317,91539.36768049354
2025-11-27 21:01:45.196,91485.68637120655
2025-11-27 22:00:14.712,91473.72674753252
2025-11-27 23:00:34.704,91312.76899397155
2025-11-28 00:01:13.163,91323.62827620257
2025-11-28 01:01:58.919,91132.0278089504
2025-11-28 02:02:41.847,90811.0714191063
2025-11-28 03:02:04.520,91023.52004227442
2025-11-28 04:01:03.955,91194.97100263558
2025-11-28 05:01:55.792,91427.07002902139
2025-11-28 06:01:16.678,91622.80614870525
2025-11-28 07:01:58.028,91357.40418771433
2025-11-28 08:02:01.491,90914.78541547488
2025-11-28 09:02:33.265,91586.77543014655
2025-11-28 10:03:10.952,91575.0569979346
2025-11-28 11:01:36.400,91827.76941884054
2025-11-28 12:02:19.431,91427.29692487956
2025-11-28 13:01:13.588,91501.38254936752
2025-11-28 14:06:01.282,92329.75218670673
2025-11-28 15:01:18.451,92202.8635352892
2025-11-28 16:01:35.528,92346.3518191028
2025-11-28 17:01:51.063,90916.07081958275
2025-11-28 18:01:37.424,90669.96401023648
2025-11-28 19:02:10.825,90875.03116346477
2025-11-28 20:03:02.641,91073.47626876217
2025-11-28 21:01:43.307,91214.6778806227
2025-11-28 22:01:53.561,91004.2467183952
2025-11-28 23:02:09.984,91127.20612080491
2025-11-29 00:01:37.178,90904.86767344689
2025-11-29 01:02:00.929,90915.53889060777
2025-11-29 02:00:19.772,90903.54544934392
2025-11-29 03:01:27.036,90729.94558372116
2025-11-29 04:01:23.791,90703.32205961774
2025-11-29 05:01:02.393,90832.40522733841
2025-11-29 06:02:38.222,90760.43415099659
2025-11-29 07:00:58.964,90577.3016032145
2025-11-29 08:01:07.404,90566.64547606678
2025-11-29 09:02:24.687,90656.69077727084
2025-11-29 10:02:08.002,90570.83431220289
2025-11-29 11:02:22.577,90570.90074621874
2025-11-29 12:01:59.610,90682.38876677728
2025-11-29 13:01:42.166,90643.83762875079
2025-11-29 14:01:24.062,90792.77747104311
2025-11-29 15:02:09.359,90657.75590554604
2025-11-29 16:01:27.794,91040.54640850973
2025-11-29 17:02:02.061,91010.85460130044
2025-11-29 18:00:02.821,90475.97662592627
2025-11-29 19:01:54.879,90712.0028373462
2025-11-29 20:00:21.637,90673.14817788692
2025-11-29 21:01:48.862,90947.02454728537
2025-11-29 22:01:54.826,91032.09673034618
2025-11-29 23:01:03.292,90788.7597853794
2025-11-30 00:01:44.728,90841.45258193677
2025-11-30 01:02:06.184,90869.67603539713
2025-11-30 02:01:37.489,90938.30683585707
2025-11-30 03:01:43.000,90802.75505671403
2025-11-30 04:01:47.175,90892.89987772267
2025-11-30 05:01:42.096,90858.18783526495
2025-11-30 06:01:46.889,90820.86657093189
2025-11-30 07:01:41.799,90901.61050740648
2025-11-30 08:01:06.347,90980.08369172398
2025-11-30 09:01:51.376,91245.5298446914
2025-11-30 10:01:06.931,91415.59812963865
2025-11-30 11:01:47.011,91250.35811895505
2025-11-30 12:01:55.749,91080.50963597072
2025-11-30 13:00:11.810,91435.84477550915
2025-11-30 14:06:03.272,91751.81702045338
2025-11-30 15:02:02.364,91446.98814551288
2025-11-30 16:01:49.199,91475.5890645801
2025-11-30 17:01:58.700,91814.62353308922
2025-11-30 18:01:32.808,91477.54598695686
2025-11-30 19:01:55.204,91455.11137688499
2025-11-30 20:06:31.758,91440.20549816827
2025-11-30 21:01:45.616,91314.55693607975
2025-11-30 22:01:29.125,91176.29202753108
2025-11-30 23:01:45.777,91159.28211972128
2025-12-01 00:01:37.764,90359.86873169734
2025-12-01 01:00:23.675,87107.57804601092
2025-12-01 02:01:33.706,87209.3202760441
2025-12-01 03:01:56.141,86607.95806802201
2025-12-01 04:01:12.491,86347.62398034424
2025-12-01 05:01:23.532,85788.16096067103
2025-12-01 06:01:49.854,85996.54791593562
2025-12-01 07:02:56.393,86248.96829120435
2025-12-01 08:01:16.362,86509.66964426964
2025-12-01 09:01:34.825,86828.86588088673
2025-12-01 10:01:16.412,86711.05550833189
2025-12-01 11:01:38.712,86632.27972318193
2025-12-01 12:03:45.462,86262.5310475135
2025-12-01 13:01:06.990,85452.87201488385
2025-12-01 14:06:47.840,85992.51478024718
2025-12-01 15:01:55.257,86023.91194853347
2025-12-01 16:00:21.331,84634.95418600549
2025-12-01 17:01:44.924,84553.51608407828
2025-12-01 18:00:47.718,84958.90011684994
2025-12-01 19:02:06.827,85230.8975559526
2025-12-01 20:00:12.109,85003.07161606019
2025-12-01 21:02:13.587,85607.92665356252
2025-12-01 22:01:39.818,86425.82291576332
2025-12-01 23:01:40.182,86642.17601166596
2025-12-02 00:01:47.684,86281.49519776918
2025-12-02 01:02:21.034,86589.01329234689
2025-12-02 02:01:09.099,86431.01161842069
2025-12-02 03:02:21.690,86639.7190996139
2025-12-02 04:01:18.699,86979.2416342632
2025-12-02 05:01:34.649,86999.26753257588
2025-12-02 06:02:14.566,87009.82948356986
2025-12-02 07:01:33.107,87094.35617736231
2025-12-02 08:00:59.743,87032.32838561568
2025-12-02 09:00:12.435,86418.6233251056
2025-12-02 10:01:53.811,86789.61201168034
2025-12-02 11:02:31.516,87283.4200046968
2025-12-02 12:02:17.206,87372.145785899
2025-12-02 13:02:38.215,87310.28717151324
2025-12-02 14:01:08.949,87676.27574943205
2025-12-02 15:01:06.824,89212.56733407508
2025-12-02 16:01:17.240,90929.17033076797
2025-12-02 17:02:07.535,90988.35289671065
2025-12-02 18:02:35.335,91516.49010026302
2025-12-02 19:02:48.191,92003.14962051474
2025-12-02 20:02:58.455,91925.7686665393
2025-12-02 21:01:51.279,91006.60257571642
2025-12-02 22:01:37.541,91642.26634875845
2025-12-02 23:01:45.274,91972.84712515515
2025-12-03 00:01:16.399,91320.07942505727
2025-12-03 01:00:50.153,91587.10768114813
2025-12-03 02:05:33.767,92305.80571530102
2025-12-03 03:00:38.985,92804.99277281489
2025-12-03 04:00:20.628,92694.94244803755
2025-12-03 05:02:13.476,93148.20270941404
2025-12-03 06:03:08.955,93673.50779118965
2025-12-03 07:02:36.554,93405.41156538975
2025-12-03 08:00:35.695,92997.38296608128
2025-12-03 09:01:24.321,92758.94715524407
2025-12-03 10:06:26.703,93187.76365353932
2025-12-03 11:02:15.401,92967.95172916472
2025-12-03 12:00:53.482,93014.56287493998
2025-12-03 13:01:52.008,92955.9934046737
2025-12-03 14:01:03.337,93155.5710477267
2025-12-03 15:02:42.538,92689.18467540754
2025-12-03 16:02:09.138,92462.71285159403
2025-12-03 17:02:38.528,92358.91089703525
2025-12-03 18:01:54.395,92991.34046933519
2025-12-03 19:02:53.801,92701.01925701783
2025-12-03 20:01:08.543,93042.76426891205
2025-12-03 21:01:48.440,92956.21718894965
2025-12-03 22:02:59.991,93748.59078386276
2025-12-03 23:01:42.091,93717.47149577878
2025-12-04 00:02:13.682,93428.59451478458
2025-12-04 01:02:44.145,93035.40920589627
2025-12-04 02:01:10.218,93194.86563225763
2025-12-04 03:01:45.381,93855.83582607246
2025-12-04 04:01:44.054,93567.32981233204
2025-12-04 05:01:33.072,93361.27533623583
2025-12-04 06:06:14.677,92899.65881208924
2025-12-04 07:01:48.719,93124.7224503544
2025-12-04 08:02:23.988,93344.22464629909
2025-12-04 09:01:34.711,93162.29916189116
2025-12-04 10:01:32.986,93576.35582972465
2025-12-04 11:02:08.691,93249.89554012878
2025-12-04 12:00:18.335,92962.28988355577
2025-12-04 13:00:58.908,92982.88944879391
2025-12-04 14:01:10.979,92532.02394137291
2025-12-04 15:01:57.163,92053.41845475078
2025-12-04 16:07:32.213,92596.47508142228
2025-12-04 17:01:51.697,92349.10012511045
2025-12-04 18:00:48.732,92448.2278390964
2025-12-04 19:02:57.985,92131.16632716786
2025-12-04 20:02:11.355,92068.62882915599
2025-12-04 21:05:55.025,92469.36285556007
2025-12-04 22:01:45.555,92194.78324592086
2025-12-04 23:01:54.467,92349.58095934307
2025-12-05 00:01:28.700,92140.70419795791
2025-12-05 01:02:44.556,92302.08974651141
2025-12-05 02:00:24.240,92370.2072229294
2025-12-05 03:00:59.890,92527.8315926902
2025-12-05 04:02:16.561,92302.35560866309
2025-12-05 05:01:36.095,92070.48457147281
2025-12-05 06:01:41.648,91921.18210371182
2025-12-05 07:02:50.626,92263.3299565551
2025-12-05 08:00:19.262,92244.84957275762
2025-12-05 09:01:03.257,92114.99015350078
2025-12-05 10:02:17.442,91133.25125696731
2025-12-05 11:00:26.109,91321.13588701593
2025-12-05 12:00:24.719,91367.32047901883
2025-12-05 13:01:02.449,91261.71327040567
2025-12-05 14:01:25.252,90495.89880179014
2025-12-05 15:02:11.353,90239.62309417447
2025-12-05 16:01:46.410,90691.05834616034
2025-12-05 17:01:14.639,88838.81256963374
2025-12-05 18:01:05.872,89320.67330009381
2025-12-05 19:03:34.597,88971.13700892155
2025-12-05 20:01:28.699,89661.0097557126
2025-12-05 21:00:27.157,89319.18628091525
2025-12-05 22:01:40.516,89168.6188930498
2025-12-05 23:01:33.417,89246.76255414792
2025-12-06 00:01:43.734,89307.09154512963
2025-12-06 01:01:41.025,89411.87151142707
2025-12-06 02:00:15.183,89313.00635292601
2025-12-06 03:01:32.273,89404.64876063257
2025-12-06 04:02:07.039,89659.75706048295
2025-12-06 05:01:17.817,89670.35753876393
2025-12-06 06:06:58.673,89596.5402589313
2025-12-06 07:02:24.417,89700.0501824711
2025-12-06 08:01:04.718,89610.67940053929
2025-12-06 09:01:35.681,89322.01341173225
2025-12-06 10:01:02.581,89590.58493068343
2025-12-06 11:02:00.827,89523.29215522746
2025-12-06 12:01:48.562,89626.21664015269
2025-12-06 13:01:11.708,89598.52998975923
2025-12-06 14:01:41.728,89686.06129936306
2025-12-06 15:00:24.014,90081.81117280423
2025-12-06 16:01:57.330,89791.26875713006
2025-12-06 17:01:24.067,89711.11278041216
2025-12-06 18:01:53.406,89688.726231859
2025-12-06 19:02:15.069,89594.48934194396
2025-12-06 20:02:09.905,89463.06998584204
2025-12-06 21:01:22.484,89554.86879282963
2025-12-06 22:01:49.075,89447.79992594938
2025-12-06 23:01:38.279,89301.79183131723
2025-12-07 00:01:14.648,89244.7620814118
2025-12-07 01:00:57.104,89442.08598085925
2025-12-07 02:01:01.556,89380.5784461144
2025-12-07 03:01:56.134,89591.40163921085
2025-12-07 04:01:11.961,89728.67942532501
2025-12-07 05:01:06.400,89553.15476748442
2025-12-07 06:01:29.536,89501.47167967241
2025-12-07 07:01:31.831,89592.78832989243
2025-12-07 08:00:53.120,89375.83415426753
2025-12-07 09:02:01.555,89428.99362624755
2025-12-07 10:01:12.039,89125.8674744549
2025-12-07 11:00:55.755,89260.10758592366
2025-12-07 12:01:17.050,89179.22240236348
2025-12-07 13:01:52.508,89481.7211308164
2025-12-07 14:02:39.633,89062.22627235795
2025-12-07 15:02:18.170,88202.39414470572
2025-12-07 16:00:33.817,89472.58036849847
2025-12-07 17:00:59.139,89818.66878296863
2025-12-07 18:01:15.102,90871.38352473611
2025-12-07 19:05:50.907,91404.6679612346
2025-12-07 20:01:27.666,91348.91857747045
2025-12-07 21:01:32.523,91432.38872266383
2025-12-07 22:01:32.016,90017.8399930689
2025-12-07 23:01:36.175,89669.56280777082
2025-12-08 00:00:49.857,90398.44875659449
2025-12-08 01:01:47.680,90404.72666612809
2025-12-08 02:01:30.692,91117.21836182859
2025-12-08 03:02:04.445,91393.1884031835
2025-12-08 04:01:47.746,91038.85575701772
2025-12-08 05:01:32.340,91221.02400236895
2025-12-08 06:01:30.574,91327.40930587606
2025-12-08 07:01:40.438,91579.98599855526
2025-12-08 08:01:00.775,91541.15536000222
2025-12-08 09:01:33.077,91856.52696684626
2025-12-08 10:01:27.321,91919.1147204135
2025-12-08 11:01:16.972,92130.30140568635
2025-12-08 12:01:44.707,91970.39918188896
2025-12-08 13:01:56.052,91773.79233492597
2025-12-08 14:00:37.850,91534.86023966796
2025-12-08 15:01:18.255,90883.16143531555
2025-12-08 16:02:03.117,90114.80515515296
2025-12-08 17:02:06.871,89841.06111713321
2025-12-08 18:01:36.727,90001.43020668387
2025-12-08 19:01:58.786,89888.90896735874
2025-12-08 20:01:51.985,90295.90375895712
2025-12-08 21:01:09.585,90774.3775809705
2025-12-08 22:01:02.929,91353.07766391555
2025-12-08 23:01:49.375,90858.05062091617
2025-12-09 00:01:42.205,90626.03734312119
2025-12-09 01:01:22.355,90402.40253959721
2025-12-09 02:01:33.183,90059.53846828423
2025-12-09 03:02:26.706,90153.53918752559
2025-12-09 04:01:30.916,90420.21548510875
2025-12-09 05:02:24.313,89908.32646008272
2025-12-09 06:01:34.595,89923.04989704031
2025-12-09 07:01:58.373,90178.84633445465
2025-12-09 08:01:35.461,90482.4862936932
2025-12-09 09:06:10.809,90479.43467161931
2025-12-09 10:01:59.027,90171.74987695283
2025-12-09 11:00:29.069,90245.23997652612
2025-12-09 12:03:18.812,90398.45972205752
2025-12-09 13:03:15.940,90550.60274621374
2025-12-09 14:01:44.366,90451.2816787047
2025-12-09 15:00:26.130,90284.16136437163
2025-12-09 16:07:42.084,93103.98634687548
2025-12-09 17:02:24.022,94267.1832941627
2025-12-09 18:01:39.216,93920.90473522742
2025-12-09 19:01:37.270,93920.23589966235
2025-12-09 20:01:48.867,93881.98556269355
2025-12-09 21:01:35.237,93065.23177559406
2025-12-09 22:01:37.793,92711.39528114548
2025-12-09 23:02:02.644,92790.20448989807
2025-12-10 00:01:12.854,92686.10402025313
2025-12-10 01:01:41.753,92157.39293716304
2025-12-10 02:00:11.923,92324.90446978032
2025-12-10 03:01:28.899,92484.68449061408
2025-12-10 04:01:37.572,92410.12951343387
2025-12-10 05:01:30.545,92532.04126979447
2025-12-10 06:01:38.151,92589.68700272198
2025-12-10 07:01:03.886,92688.72784020523
2025-12-10 08:01:35.483,92700.84237056004
2025-12-10 09:01:25.047,92623.70256256762
2025-12-10 10:01:46.052,92865.55966048971
2025-12-10 11:01:45.771,92302.24850832098
2025-12-10 12:01:43.916,92098.54214403489
2025-12-10 13:01:56.907,91971.47016600415
2025-12-10 14:01:33.382,92066.23910408375
2025-12-10 15:01:37.704,91801.71806295244
2025-12-10 16:01:30.015,91925.01301901884
2025-12-10 17:01:21.633,92161.83427424994
2025-12-10 18:01:37.852,92359.13258502026
2025-12-10 19:01:39.767,92452.98824422824
2025-12-10 20:01:42.095,92991.94802108228
2025-12-10 21:01:39.593,92571.34583235167
2025-12-10 22:01:40.063,92378.76809342115
2025-12-10 23:01:40.421,92541.97526271449
2025-12-11 00:00:21.061,92005.13714957413
2025-12-11 01:06:39.611,91234.35089361278
2025-12-11 02:01:54.189,90581.63312349115
2025-12-11 03:02:53.464,90010.47516574137
2025-12-11 04:01:52.380,89847.74904390301
2025-12-11 05:00:28.798,90429.2959710253
2025-12-11 06:03:00.221,90326.58067449176
2025-12-11 07:01:05.807,90297.96444701945
2025-12-11 08:01:33.924,90254.79657357016
2025-12-11 09:00:08.367,90177.630745499
2025-12-11 10:02:54.898,90261.28377800956
2025-12-11 11:02:43.077,90311.07465277931
2025-12-11 12:02:55.827,90243.1997213647
2025-12-11 13:01:46.647,90150.50776909872
2025-12-11 14:01:29.451,90140.72165136607
2025-12-11 15:02:15.771,89463.2323445275
2025-12-11 16:01:23.402,89858.098998661
2025-12-11 17:01:46.351,89798.28032192719
2025-12-11 18:02:29.061,89963.24823227283
2025-12-11 19:02:18.529,90606.41419222065
2025-12-11 20:02:22.598,90856.50878419071
2025-12-11 21:00:13.837,91654.63656934419
2025-12-11 22:03:40.319,93042.43802644171
2025-12-11 23:00:12.162,92243.5394501412
2025-12-12 00:03:53.581,92494.17691640415
2025-12-12 01:00:53.750,92136.1782605738
2025-12-12 02:02:31.118,92191.92871455324
2025-12-12 03:01:56.702,92584.46652311603
2025-12-12 04:01:26.378,92300.73489951616
2025-12-12 05:01:44.839,92409.3679774134
2025-12-12 06:00:49.870,92418.10102035834
2025-12-12 07:01:09.962,92520.5820421584
2025-12-12 08:00:45.769,92446.83415918204
2025-12-12 09:02:08.495,92265.0009989212
2025-12-12 10:02:57.305,92391.9395663188
2025-12-12 11:02:16.055,92414.52820402496
2025-12-12 12:01:30.832,92405.03428877179
2025-12-12 13:03:30.826,92396.63341482232
2025-12-12 14:07:40.104,92280.6327385549
2025-12-12 15:01:54.480,92510.954770233
2025-12-12 16:00:56.289,89947.35621835101
2025-12-12 17:03:23.124,90084.0887493541
2025-12-12 18:02:40.434,90045.02162170896
2025-12-12 19:01:27.787,90587.53931965493
2025-12-12 20:01:42.383,90195.2534824437
2025-12-12 21:02:36.187,90300.35604485389
2025-12-12 22:02:44.517,90216.45117344358
2025-12-12 23:01:23.854,90323.07179560265
2025-12-13 00:01:39.328,90307.26028567803
2025-12-13 01:00:47.071,90333.80918947668
2025-12-13 02:01:08.648,90219.70368191416
2025-12-13 03:00:49.531,90233.36847229167
2025-12-13 04:01:14.064,90362.49787361179
2025-12-13 05:05:57.196,90366.89143832374
2025-12-13 06:01:49.545,90284.22919509024
2025-12-13 07:00:35.429,90358.63720040456
2025-12-13 08:01:53.627,90332.54808133405
2025-12-13 09:01:45.544,90474.25879335239
2025-12-13 10:01:08.351,90413.90012203652
2025-12-13 11:01:42.514,90601.31912456751
2025-12-13 12:01:49.210,90350.91781562121
2025-12-13 13:01:54.097,90312.09050290582
2025-12-13 14:01:49.734,90256.14764610285
2025-12-13 15:01:28.897,90105.01414762474
2025-12-13 16:01:16.400,90097.46740622642
2025-12-13 17:06:31.024,90095.94884790409
2025-12-13 18:01:55.830,90056.9602943351
2025-12-13 19:02:59.124,90119.90143464747
2025-12-13 20:00:26.103,90189.90865634271
2025-12-13 21:02:10.108,90132.23549524162
2025-12-13 22:02:18.184,90067.13467142553
2025-12-13 23:01:43.129,90170.685696021
2025-12-14 00:01:32.860,90253.11813342397
2025-12-14 01:01:20.895,90357.27452201652
2025-12-14 02:01:01.669,90298.00793502598
2025-12-14 03:01:43.383,90288.06549056442
2025-12-14 04:02:13.877,90251.74050833493
2025-12-14 05:01:07.035,90202.89925881376
2025-12-14 06:01:11.252,90195.39829927523
2025-12-14 07:00:21.485,90151.98318157879
2025-12-14 08:01:00.704,90235.19014847181
2025-12-14 09:02:07.743,90161.59120299897
2025-12-14 10:01:51.217,90023.43917813247
2025-12-14 11:01:15.619,89840.80964857385
2025-12-14 12:02:18.641,89231.74542159855
2025-12-14 13:02:43.780,89395.70903561803
2025-12-14 14:00:01.152,89311.27541342899
2025-12-14 15:01:35.821,89020.13114083151
2025-12-14 16:01:11.440,89009.25981262162
2025-12-14 17:02:37.671,88809.76576919208
2025-12-14 18:01:37.774,88809.27700826648
2025-12-14 19:01:57.631,88998.90781774413
2025-12-14 20:01:36.503,88674.60117447103
2025-12-14 21:00:49.250,88577.56241554697
2025-12-14 22:01:26.143,88477.2989237882
2025-12-14 23:01:45.862,88291.27423697856
2025-12-15 00:01:29.362,88230.77409367911
2025-12-15 01:01:20.018,88488.55514914883
2025-12-15 02:01:32.531,89274.74658721793
2025-12-15 03:03:53.222,89310.04361576558
2025-12-15 04:01:10.194,89297.3727219714
2025-12-15 05:01:47.964,89668.13527779233
2025-12-15 06:01:50.108,89564.69022439446
2025-12-15 07:03:17.296,89811.24061072449
2025-12-15 08:03:23.068,89714.60638590455
2025-12-15 09:02:42.706,89794.92174069313
2025-12-15 10:01:47.260,89867.63967629262
2025-12-15 11:00:32.016,89869.01773202233
2025-12-15 12:01:17.798,89640.50135204557
2025-12-15 13:01:46.295,89699.67091524602
2025-12-15 14:03:08.387,89438.97307941841
2025-12-15 15:01:46.928,87975.78932131453
2025-12-15 16:03:09.153,86944.63604570336
2025-12-15 17:01:45.160,86376.50299974006
2025-12-15 18:01:09.866,85704.70802098143
2025-12-15 19:02:04.184,86173.54692397923
2025-12-15 20:02:38.765,86025.87478170796
2025-12-15 21:01:49.255,85803.51861744869
2025-12-15 22:01:11.794,86217.69481699889
2025-12-15 23:01:17.964,86115.3087389092
2025-12-16 00:01:46.712,86413.22138097929
2025-12-16 01:01:58.220,85814.24822225161
2025-12-16 02:01:05.770,85900.22101168243
2025-12-16 03:01:45.365,85950.10854836363
2025-12-16 04:01:43.733,85848.70319000457
2025-12-16 05:01:45.405,85830.92653857765
2025-12-16 06:02:06.263,86036.81198662342
2025-12-16 07:02:57.482,86515.59449042796
2025-12-16 08:00:41.348,86036.32380994338
2025-12-16 09:07:24.381,86243.71038076178
2025-12-16 10:01:47.278,86305.28532317241
2025-12-16 11:02:55.653,86969.77661275564
2025-12-16 12:02:20.680,87273.02449471162
2025-12-16 13:01:58.769,87165.62687309732
2025-12-16 14:02:56.226,86587.04792162194
2025-12-16 15:01:35.422,87253.23405418466
2025-12-16 16:01:31.429,87882.79494072369
2025-12-16 17:02:04.767,87604.55174544627
2025-12-16 18:02:39.542,87208.3896691149
2025-12-16 19:01:58.304,87813.4090457039
2025-12-16 20:01:52.257,87655.29890665147
2025-12-16 21:02:41.614,87597.60958564984
2025-12-16 22:01:17.535,87760.1392006664
2025-12-16 23:01:24.233,87752.71363044197
2025-12-17 00:03:27.258,87719.68139798648
2025-12-17 01:06:34.652,87531.08453385351
2025-12-17 02:01:03.153,87529.16075056713
2025-12-17 03:01:26.463,87463.03701683931
2025-12-17 04:01:17.129,87201.55385192954
2025-12-17 05:01:36.280,86717.93883923747
2025-12-17 06:01:08.614,86611.40625050131
2025-12-17 07:00:26.593,86752.66970569802
2025-12-17 08:00:34.445,86962.89294512525
2025-12-17 09:03:47.437,86403.63564200535
2025-12-17 10:02:01.080,86414.27650969155
2025-12-17 11:01:36.394,86599.00819691329
2025-12-17 12:01:42.972,86980.9986846074
2025-12-17 13:01:42.240,87000.26908603232
2025-12-17 14:01:49.428,87511.50208853393
2025-12-17 15:00:56.204,89605.99206418035
2025-12-17 16:01:38.269,87208.74499942208
2025-12-17 17:01:38.005,86891.44642653203
2025-12-17 18:02:34.204,86393.2691564181
2025-12-17 19:02:49.065,85809.17338229857
2025-12-17 20:01:41.949,85988.58906623501
2025-12-17 21:01:54.513,85879.52741627058
2025-12-17 22:01:56.088,85909.51652708607
2025-12-17 23:02:07.670,86219.03175601113
2025-12-18 00:06:08.005,86196.82137334664
2025-12-18 01:01:41.737,86241.10441524643
2025-12-18 02:01:16.642,86089.47717926627
2025-12-18 03:01:49.362,86691.70943913361
2025-12-18 04:07:12.552,86582.84656447823
2025-12-18 05:01:13.313,86731.73341847573
2025-12-18 06:02:07.783,86384.92946031723
2025-12-18 07:01:05.561,86587.31198717508
2025-12-18 08:01:36.730,86789.31115287075
2025-12-18 09:01:34.169,86935.8570831682
2025-12-18 10:01:14.369,87250.00676854789
2025-12-18 11:01:46.777,87240.39269192026
2025-12-18 12:01:34.707,87244.88515020163
2025-12-18 13:02:30.207,87336.94918558592
2025-12-18 14:06:59.025,88864.61364522365
2025-12-18 15:01:58.631,88384.71155970976
2025-12-18 16:07:13.109,88388.2696711214
2025-12-18 17:02:21.750,87900.4424865496
2025-12-18 18:01:45.229,86272.07198552167
2025-12-18 19:09:28.610,85627.01532453577
2025-12-18 20:02:56.955,84581.28337226612
2025-12-18 21:01:50.762,84882.80881950885
2025-12-18 22:01:58.747,85579.6307831976
2025-12-18 23:02:05.873,85515.31133068129
2025-12-19 00:02:02.106,85450.3312009302
2025-12-19 01:01:42.228,85541.01417679088
2025-12-19 02:01:24.228,85260.28735713419
2025-12-19 03:01:58.221,85620.55609485791
2025-12-19 04:01:10.413,86800.33696068579
2025-12-19 05:01:34.641,87033.92978571239
2025-12-19 06:03:56.751,86997.3833852665
2025-12-19 07:00:22.255,87354.9053125322
2025-12-19 08:01:06.433,87893.89929493939
2025-12-19 09:00:52.682,88073.99235412852
2025-12-19 10:01:37.101,88052.73163324215
2025-12-19 11:00:40.565,88212.86284310966
2025-12-19 12:00:52.822,88155.57188335957
2025-12-19 13:06:57.016,87890.46093578546
2025-12-19 14:01:11.570,87906.97107319967
2025-12-19 15:01:36.706,88146.41050571992
2025-12-19 16:06:31.146,87941.9362630175
2025-12-19 17:02:12.669,88056.97849281115
2025-12-19 18:02:41.405,87289.50172999379
2025-12-19 19:02:28.263,87199.02273302485
2025-12-19 20:06:38.633,87835.79530625477
2025-12-19 21:02:18.251,87947.57321638991
2025-12-19 22:01:43.323,87799.01372320102
2025-12-19 23:03:23.877,88241.70207869307
2025-12-20 00:01:43.158,88103.86075721023
2025-12-20 01:01:50.844,87944.87887946366
2025-12-20 02:01:11.540,88034.46672552695
2025-12-20 03:01:34.263,88170.41516769843
2025-12-20 04:02:45.520,88181.96667391635
2025-12-20 05:02:54.544,88224.17548774029
2025-12-20 06:00:12.063,88275.05618928866
2025-12-20 07:01:42.620,88263.89938562847
2025-12-20 08:01:10.218,88189.6772340725
2025-12-20 09:01:09.506,88211.48860112648
2025-12-20 10:01:56.460,88183.64417062284
2025-12-20 11:03:31.368,88120.5874801989
2025-12-20 12:02:03.947,88236.7165699126
2025-12-20 13:01:29.649,88208.26480155799
2025-12-20 14:03:10.904,88132.96940842588
2025-12-20 15:01:33.329,88207.47730208164
2025-12-20 16:03:05.155,88148.40906212795
2025-12-20 17:00:58.016,88102.96117414252
2025-12-20 18:00:45.640,88146.15486261403
2025-12-20 19:01:06.033,88208.80274231792
2025-12-20 20:01:39.932,88197.2001032788
2025-12-20 21:01:18.933,88224.92144552509
2025-12-20 22:02:24.862,88183.68318766814
2025-12-20 23:00:58.429,88288.45846354128
2025-12-21 00:02:03.645,88347.94310567998
2025-12-21 01:01:57.903,88310.83005141905
2025-12-21 02:01:37.484,88094.49993212795
2025-12-21 03:01:53.356,87902.53139676063
2025-12-21 04:07:20.674,88026.56547093973
2025-12-21 05:01:15.909,88039.55701971469
2025-12-21 06:02:08.076,88096.92332547231
2025-12-21 07:01:28.981,88067.80650576256
2025-12-21 08:02:16.261,88096.03952519396
2025-12-21 09:01:12.234,88507.34177043913
2025-12-21 10:00:12.262,88948.66417291677
2025-12-21 11:02:47.550,88630.31885043465
2025-12-21 12:01:49.426,88565.63772600175
2025-12-21 13:00:25.831,88561.97572770563
2025-12-21 14:03:33.223,87655.16418543628
2025-12-21 15:01:38.612,88027.29024029589
2025-12-21 16:09:30.446,88082.42273299964
2025-12-21 17:03:15.514,88341.3886463641
2025-12-21 18:01:47.561,88284.58255882129
2025-12-21 19:06:03.104,88427.25355200119
2025-12-21 20:02:46.484,88459.8138707823
2025-12-21 21:02:03.466,88197.1818973117
2025-12-21 22:02:16.004,88106.66928225872
2025-12-21 23:01:26.297,88466.39336921231
2025-12-22 00:01:42.740,88672.32967904503
2025-12-22 01:01:15.151,88634.59992349986
2025-12-22 02:01:52.902,88596.95085243393
2025-12-22 03:01:46.641,88434.5680113634
2025-12-22 04:01:48.274,88683.95539672003
2025-12-22 05:02:07.977,88884.54693933633
2025-12-22 06:01:39.298,88802.66612556993
2025-12-22 07:00:12.772,88944.79544150726
2025-12-22 08:02:09.744,89102.18315091524
2025-12-22 09:03:16.818,89286.25306002611
2025-12-22 10:01:39.263,89759.27436465674
2025-12-22 11:06:28.594,89719.54780215317
2025-12-22 12:01:56.201,89932.453149189
2025-12-22 13:00:37.043,90168.94448705531
2025-12-22 14:02:21.367,89882.06268294484
2025-12-22 15:02:42.845,90069.3287142906
2025-12-22 16:01:32.252,89748.71371711291
2025-12-22 17:02:40.015,89525.98269298763
2025-12-22 18:01:27.516,89223.13257530292
2025-12-22 19:02:11.574,89141.174326108
2025-12-22 20:01:46.967,88035.95554969124
2025-12-22 21:02:05.090,88366.44334435272
2025-12-22 22:02:46.912,88231.5353104207
2025-12-22 23:01:57.821,88604.74504931869
2025-12-23 00:03:09.916,88491.12020788102
2025-12-23 01:02:15.166,88741.53847338387
2025-12-23 02:01:32.713,88470.12460081064
2025-12-23 03:01:25.971,88176.44063603197
2025-12-23 04:01:42.845,88197.33430243972
2025-12-23 05:01:58.068,87913.07203703199
2025-12-23 06:01:23.018,87728.15974676836
2025-12-23 07:02:04.754,87407.99951808747
2025-12-23 08:01:32.019,87541.12560111411
2025-12-23 09:02:11.260,87411.24232244496
2025-12-23 10:02:26.960,87464.0247621436
2025-12-23 11:03:02.898,87527.8405648995
2025-12-23 12:04:58.983,87792.52130336233
2025-12-23 13:06:04.524,87706.22152980235
2025-12-23 14:02:22.279,87594.35755237211
2025-12-23 15:00:26.292,87152.73628745983
2025-12-23 16:01:24.595,87356.9699978167
2025-12-23 17:02:07.519,87964.3054163171
2025-12-23 18:02:13.386,87391.65244198311
2025-12-23 19:02:13.274,87941.58834841537
2025-12-23 20:02:09.460,87711.62174670833
2025-12-23 21:00:35.882,87707.99892444522
2025-12-23 22:00:03.736,87677.3991236105
2025-12-23 23:01:27.149,87350.51606204086
2025-12-24 00:06:31.633,87496.14669239183
2025-12-24 01:00:57.708,87576.75638300544
2025-12-24 02:00:52.793,87568.34335433155
2025-12-24 03:01:13.772,87098.6376529892
2025-12-24 04:01:50.743,87287.03771684444
2025-12-24 05:01:24.691,87102.95468768984
2025-12-24 06:01:28.488,86901.83346867275
2025-12-24 07:01:17.657,86953.96001126345
2025-12-24 08:00:29.475,86897.93884723524
2025-12-24 09:00:32.366,86744.95439499128
2025-12-24 10:00:10.304,86755.27157562514
2025-12-24 11:01:23.760,87032.38740367128
2025-12-24 12:00:22.377,87167.50881921005
2025-12-24 13:01:40.455,87377.7568744928
2025-12-24 14:01:43.056,87253.65023038814
2025-12-24 15:01:45.526,87021.17421868017
2025-12-24 16:01:49.714,86946.66326946592
2025-12-24 17:00:20.332,87210.88707453896
2025-12-24 18:01:24.539,87268.56056262016
2025-12-24 19:02:01.332,87423.4973806886
2025-12-24 20:01:14.832,87498.39263017818
2025-12-24 21:01:40.175,87501.92307200629
2025-12-24 22:02:05.917,87634.84624795866
2025-12-24 23:01:39.303,87941.71251768363
2025-12-25 00:01:59.700,87589.01664996856
2025-12-25 01:01:45.409,87504.66722919847
2025-12-25 02:01:48.590,87624.62806429956
2025-12-25 03:02:52.075,87826.54727424197
2025-12-25 04:01:14.462,87787.45295939443
2025-12-25 05:01:39.056,87726.49335579191
2025-12-25 06:00:27.342,87695.3125759412
2025-12-25 07:01:52.170,87745.16448427032
2025-12-25 08:02:25.893,87792.00925262105
2025-12-25 09:02:03.653,87507.36827602262
2025-12-25 10:01:48.573,87461.72262542366
2025-12-25 11:00:49.419,87352.86585433579
2025-12-25 12:02:05.367,87471.52954878075
2025-12-25 13:00:49.483,87514.02941895252
2025-12-25 14:00:50.802,87582.17251174171
2025-12-25 15:02:33.996,87688.24357479955
2025-12-25 16:02:56.578,88309.93822214384
2025-12-25 17:01:37.257,88032.85266346157
2025-12-25 18:02:05.435,88117.04875876881
2025-12-25 19:03:20.859,88180.39786398709
2025-12-25 20:01:07.925,88087.48361094733
2025-12-25 21:01:12.608,87827.38656970617
2025-12-25 22:02:04.550,87829.19832423747
2025-12-25 23:01:54.838,87535.27743569968
2025-12-26 00:01:12.572,87192.23473670239
2025-12-26 01:01:30.958,87065.33825537036
2025-12-26 02:01:17.600,87370.47138685817
2025-12-26 03:01:56.467,89180.44167406879
2025-12-26 04:01:39.516,88731.5672189798
2025-12-26 05:00:29.850,88961.51425156754
2025-12-26 06:01:39.748,88923.6262811757
2025-12-26 07:00:29.181,89107.91658837824
2025-12-26 08:01:56.501,88520.97516422838
2025-12-26 09:00:19.744,88662.46214386416
2025-12-26 10:01:28.240,88758.1248272432
2025-12-26 11:01:31.840,88688.98566188756
2025-12-26 12:01:53.406,88518.39585715122
2025-12-26 13:01:35.533,88624.77079887188
2025-12-26 14:01:17.797,88950.88216293421
2025-12-26 15:01:40.414,87522.0747527748
2025-12-26 16:01:08.712,87068.90220576277
2025-12-26 17:02:04.300,87176.52993485738
2025-12-26 18:01:17.656,87246.34858633242
2025-12-26 19:01:57.811,87232.24050865872
2025-12-26 20:01:48.003,87455.09274338928
2025-12-26 21:01:12.312,87541.23129682484
2025-12-26 22:01:58.301,87447.2093978079
2025-12-26 23:01:21.191,87457.38330543491
2025-12-27 00:02:43.038,87305.95655961394
2025-12-27 01:01:56.965,87331.83466780014
2025-12-27 02:00:44.656,87410.60245095326
2025-12-27 03:00:48.114,87385.78124687802
2025-12-27 04:01:39.492,87449.49100891351
2025-12-27 05:02:04.345,87413.42867637258
2025-12-27 06:00:56.744,87449.55883549823
2025-12-27 07:00:44.157,87412.25285943052
2025-12-27 08:03:36.713,87500.5618899692
2025-12-27 09:01:44.176,87526.81056916506
2025-12-27 10:01:40.135,87561.28127783108
2025-12-27 11:03:22.763,87450.21256299612
2025-12-27 12:01:39.187,87441.64735810066
2025-12-27 13:01:52.314,87429.37950121735
2025-12-27 14:01:44.079,87414.0458492477
2025-12-27 15:00:32.439,87492.23303563324
2025-12-27 16:02:23.079,87522.28125535187
2025-12-27 17:03:56.597,87457.99299170978
2025-12-27 18:01:10.296,87521.45452172357
2025-12-27 19:02:19.888,87426.16201961905
2025-12-27 20:01:36.944,87521.25755192355
2025-12-27 21:01:14.260,87501.80740262076
2025-12-27 22:00:55.482,87610.047999887
2025-12-27 23:01:39.096,87534.30577163116
2025-12-28 00:01:51.833,87807.003210775
2025-12-28 01:01:33.754,87802.11445458242
2025-12-28 02:01:46.487,87723.84473057147
2025-12-28 03:01:40.357,87754.7573999438
2025-12-28 04:03:26.141,87667.94963997438
2025-12-28 05:01:17.180,87662.64669745538
2025-12-28 06:02:03.847,87591.90334184222
2025-12-28 07:01:17.379,87670.6301496266
2025-12-28 08:01:28.244,87671.8912108555
2025-12-28 09:01:30.107,87751.08528807551
2025-12-28 10:01:58.914,87724.12285754617
2025-12-28 11:01:58.131,87814.33890093885
2025-12-28 12:01:41.942,87815.49296991917
2025-12-28 13:02:07.088,87772.47913525718
2025-12-28 14:02:37.252,87828.3109876691
2025-12-28 15:01:46.352,87838.49972865467
2025-12-28 16:01:04.613,87785.47314437952
2025-12-28 17:03:08.584,87751.97783642549
2025-12-28 18:02:33.145,87703.37092618537
2025-12-28 19:01:37.176,87544.32407364761
2025-12-28 20:02:07.911,87478.52467666323
2025-12-28 21:01:19.785,87464.64355756478
2025-12-28 22:01:49.676,87508.67578361547
2025-12-28 23:01:20.140,87873.96066542523
2025-12-29 00:01:34.354,87867.03943448896
2025-12-29 01:01:30.817,88225.13163706176
2025-12-29 02:01:15.798,88398.89014326298
2025-12-29 03:00:35.056,89102.94674105282
2025-12-29 04:00:32.731,90018.7192018322
2025-12-29 05:01:40.271,90064.22491132967
2025-12-29 06:01:52.254,89889.6094935916
2025-12-29 07:03:47.440,89708.93326817045
2025-12-29 08:01:54.352,89526.09271051922
2025-12-29 09:03:07.399,89454.92302641607
2025-12-29 10:01:40.157,87972.04240243543
2025-12-29 11:00:35.046,87694.98721897649
2025-12-29 12:01:30.396,87483.27563699601
2025-12-29 13:03:14.010,87342.7513683552
2025-12-29 14:00:48.433,87241.80726139687
2025-12-29 15:01:24.160,87325.36311458857
2025-12-29 16:02:30.037,87596.12658342627
2025-12-29 17:02:37.526,87568.10208140207
2025-12-29 18:01:04.007,87722.48638263419
2025-12-29 19:03:58.832,87356.66974281007
2025-12-29 20:01:45.890,87250.66645564871
2025-12-29 21:01:49.489,87165.57156330097
2025-12-29 22:02:10.685,87220.83365507929
2025-12-29 23:01:54.907,87283.31328161011
2025-12-30 00:02:32.239,87154.68240604762
2025-12-30 01:01:29.193,87143.42987466368
2025-12-30 02:01:54.278,87177.58378271773
2025-12-30 03:01:54.745,86979.26380079919
2025-12-30 04:01:30.270,87265.17455769595
2025-12-30 05:03:50.610,87209.21553238074
2025-12-30 06:01:42.475,87121.05400342717
2025-12-30 07:03:09.469,87304.97581129284
2025-12-30 08:01:33.003,87385.19997272956
2025-12-30 09:03:26.652,87741.1086305317
2025-12-30 10:03:19.122,87961.61821726551
2025-12-30 11:02:29.749,87819.0620396969
2025-12-30 12:03:04.250,87856.11861673644
2025-12-30 13:01:25.721,87907.96471390928
2025-12-30 14:04:07.453,87925.50114199905
2025-12-30 15:01:47.739,88830.02069459675
2025-12-30 16:01:18.251,88957.43651898901
2025-12-30 17:01:46.525,88679.13145270688
2025-12-30 18:01:42.983,88280.19780215024
2025-12-30 19:00:55.325,88222.77955308286
2025-12-30 20:00:26.714,88144.65512277858
2025-12-30 21:02:03.157,87820.99218853247
2025-12-30 22:00:51.209,88176.76406248752
2025-12-30 23:02:25.807,88352.70423735311
2025-12-31 00:02:29.581,88363.72223633934
2025-12-31 01:02:31.276,88155.43529950948
2025-12-31 02:01:28.736,88543.73991980821
2025-12-31 03:02:54.500,88621.1106508067
2025-12-31 04:02:20.810,88333.35841063698
2025-12-31 05:03:44.739,88272.10970713667
2025-12-31 06:01:20.853,88354.98611154227
2025-12-31 07:01:25.872,88401.75803765882
2025-12-31 08:03:36.221,88536.63728500802
2025-12-31 09:01:39.761,88322.59413482556
2025-12-31 10:00:51.307,88584.37355605865
2025-12-31 11:00:21.886,88627.57554664447
2025-12-31 12:01:00.366,88880.0117664658
2025-12-31 13:01:06.336,88672.83428024875
2025-12-31 14:01:30.682,88871.82161562364
2025-12-31 15:01:25.366,88341.78047451952
2025-12-31 16:02:15.602,87934.3700195927
2025-12-31 17:02:18.774,87526.24222940418
2025-12-31 18:02:15.109,87547.34320985172
2025-12-31 19:01:23.528,87611.87866903524
2025-12-31 20:02:13.209,87409.55958069453
2025-12-31 21:00:53.692,87528.9435476781
2025-12-31 22:01:58.520,87688.59744081784
2025-12-31 23:01:47.574,87568.19306011873
2026-01-01 00:01:42.533,87517.2715407769
2026-01-01 01:01:46.117,87678.34350242827
2026-01-01 02:01:45.093,87805.1098873297
2026-01-01 03:02:24.022,87762.43586332948
2026-01-01 04:02:25.274,87707.3510957739
2026-01-01 05:03:41.111,87483.89739989582
2026-01-01 06:01:12.847,87562.87496289145
2026-01-01 07:02:45.421,87519.94507527257
2026-01-01 08:01:25.731,87491.8322185784
2026-01-01 09:02:29.368,87630.1189544374
2026-01-01 10:01:33.608,87741.72744970635
2026-01-01 11:04:16.306,87725.9719530991
2026-01-01 12:01:38.851,87884.19977001144
2026-01-01 13:03:21.901,87798.23297232248
2026-01-01 14:02:29.117,87773.23409625847
2026-01-01 15:00:32.892,87843.34353908882
2026-01-01 16:02:29.427,87902.0339614188
2026-01-01 17:01:28.455,87874.08291773222
2026-01-01 18:02:40.405,88226.76991709975
2026-01-01 19:01:08.907,88064.1598829407
2026-01-01 20:00:40.780,88231.04091302218
2026-01-01 21:02:22.807,88150.35157179997
2026-01-01 22:00:52.163,88268.1294201436
2026-01-01 23:02:31.918,88587.34898899503
2026-01-02 00:00:01.054,88727.67004249741
2026-01-02 01:02:25.056,88737.78254191359
2026-01-02 02:01:52.284,88526.48891008331
2026-01-02 03:01:59.465,88496.24888004114
2026-01-02 04:01:57.006,88979.0518224415
2026-01-02 05:01:16.626,88532.3566663556
2026-01-02 06:03:09.891,88637.90336097717
2026-01-02 07:01:59.219,88861.20752068178
2026-01-02 08:01:47.301,88765.50738507624
2026-01-02 09:00:29.019,88990.47113038534
2026-01-02 10:01:22.740,89355.77411569808
2026-01-02 11:03:43.749,89510.66189737612
2026-01-02 12:02:59.856,89400.11748925265
2026-01-02 13:00:51.086,89325.09997527584
2026-01-02 14:02:34.784,89417.47051476291
2026-01-02 15:01:31.508,89598.2785649
2026-01-02 16:01:47.326,89512.15015810606
2026-01-02 17:02:04.188,90158.99234932158
2026-01-02 18:01:59.500,90290.53065527705
2026-01-02 19:01:59.616,89625.91857293721
2026-01-02 20:01:46.846,89894.28424562467
2026-01-02 21:01:49.495,89615.76094157377
2026-01-02 22:01:42.613,90048.08856448405
2026-01-02 23:01:54.775,90224.99850237134
2026-01-03 00:01:32.089,89926.27924953419
2026-01-03 01:01:06.694,90108.78279992807
2026-01-03 02:01:33.069,90137.64522438588
2026-01-03 03:02:04.964,90293.91833549077
2026-01-03 04:01:04.267,90284.78370412003
2026-01-03 05:01:52.267,90093.14086907059
2026-01-03 06:01:11.500,89990.9375716159
2026-01-03 07:00:29.005,89823.97137918117
2026-01-03 08:01:14.928,89537.62578452252
2026-01-03 09:01:43.965,89675.17731300955
2026-01-03 10:01:56.889,89804.0818165691
2026-01-03 11:02:01.572,89769.01756687474
2026-01-03 12:01:38.703,89687.81883631476
2026-01-03 13:00:26.122,89936.67464895351
2026-01-03 14:00:20.804,89926.8651034987
2026-01-03 15:01:52.488,90039.77351101818
2026-01-03 16:00:53.288,89924.0917733841
2026-01-03 17:01:49.868,90109.35505444142
2026-01-03 18:01:22.872,90040.19063765438
2026-01-03 19:01:22.405,90090.6221291144
2026-01-03 20:01:34.895,90070.7892761265
2026-01-03 21:01:49.732,90292.44801010672
2026-01-03 22:01:45.858,90458.16716793815
2026-01-03 23:01:08.222,90546.2336878092
2026-01-04 00:02:11.121,90593.85443180417
2026-01-04 01:02:04.633,91321.03468311863
2026-01-04 02:01:30.192,91123.70093430963
2026-01-04 03:01:07.790,91087.99173734341
2026-01-04 04:00:49.370,91203.9342172425
2026-01-04 05:01:38.535,91391.94981979414
2026-01-04 06:01:37.698,91391.76330232913
2026-01-04 07:01:40.676,91311.35268705775
2026-01-04 08:01:46.849,91426.51404617917
2026-01-04 09:01:06.743,91330.19558836316
2026-01-04 10:00:01.521,91369.71646478614
2026-01-04 11:01:05.531,91537.88892858574
2026-01-04 12:01:33.876,91213.09959714439
2026-01-04 13:01:52.492,91113.96227281967
2026-01-04 14:00:01.475,91210.73227903695
2026-01-04 15:01:47.283,91288.02712157316
2026-01-04 16:01:47.971,91264.45194282269
2026-01-04 17:01:59.460,91281.44266894199
2026-01-04 18:01:31.758,91324.95226893839
2026-01-04 19:01:37.215,91143.35298677653
2026-01-04 20:00:52.614,91104.3768148137
2026-01-04 21:01:34.185,91276.90623896016
2026-01-04 22:01:37.057,91220.32913021458
2026-01-04 23:01:38.788,91138.83648319764
2026-01-05 00:01:47.527,91373.21588108438
2026-01-05 01:01:46.821,92249.04927004079
2026-01-05 02:01:57.478,92979.42385355277
2026-01-05 03:01:45.555,92999.32699983465
2026-01-05 04:01:25.636,92857.97259932947
2026-01-05 05:01:24.447,92545.49206597652
2026-01-05 06:02:01.542,92320.29748433061
2026-01-05 07:03:00.285,92474.87041259132
2026-01-05 08:03:25.950,92481.03387220706
2026-01-05 09:01:30.252,92433.94518668532
2026-01-05 10:01:06.999,92641.79780274059
2026-01-05 11:00:08.066,93060.22735273126
2026-01-05 12:01:40.773,93082.75612082868
2026-01-05 13:01:16.991,92817.51509772752
2026-01-05 14:02:07.345,92718.94784779997
2026-01-05 15:03:26.439,93404.60928949519
2026-01-05 16:02:43.541,93824.83366738875
2026-01-05 17:01:40.247,93681.9806622193
2026-01-05 18:03:52.395,94174.36380464156
2026-01-05 19:01:36.510,94420.78178379484
2026-01-05 20:01:31.873,94264.92373429248
2026-01-05 21:03:12.114,94155.357904312
2026-01-05 22:02:08.688,94154.53476158931
2026-01-05 23:01:21.928,94172.16706203608
2026-01-06 00:01:34.948,93864.98498443165
2026-01-06 01:01:49.540,93832.2045226641
2026-01-06 02:01:46.838,93756.86914043773
2026-01-06 03:02:16.251,93608.4927777403
2026-01-06 04:02:45.418,93753.71298267461
2026-01-06 05:03:15.021,93780.6789900382
2026-01-06 06:01:44.476,93569.02714900055
2026-01-06 07:02:02.282,93735.10761047016
2026-01-06 08:03:15.970,93211.38105676149
2026-01-06 09:01:30.827,93205.29594070527
2026-01-06 10:01:58.045,93471.19471577024
2026-01-06 11:00:43.049,93537.21080763068
2026-01-06 12:04:02.682,93805.62296229479
2026-01-06 13:03:54.693,93799.13089425345
2026-01-06 14:01:43.994,93698.27670401288
2026-01-06 15:00:52.774,93752.27246303273
2026-01-06 16:02:05.118,93430.07788188591
2026-01-06 17:01:11.502,92619.85345080977
2026-01-06 18:03:52.349,91544.95397613838
2026-01-06 19:02:22.059,91970.9082670331
2026-01-06 20:01:15.971,92063.88548547623
2026-01-06 21:02:39.932,92443.66119430914
2026-01-06 22:01:10.245,93250.31065762376
2026-01-06 23:02:12.116,93215.17913540878
2026-01-07 00:02:17.769,93646.72081123287
2026-01-07 01:02:35.932,92759.09184881274
2026-01-07 02:02:32.523,92383.7070493379
2026-01-07 03:02:15.786,92911.4747991549
2026-01-07 04:01:32.824,92753.6191919218
2026-01-07 05:03:52.483,92604.47600249836
2026-01-07 06:00:40.899,92479.14350146533
2026-01-07 07:02:44.094,92593.31015181929
2026-01-07 08:06:36.925,92820.21928497854
2026-01-07 09:04:19.469,92639.94614308793
2026-01-07 10:00:30.489,91646.63735819007
2026-01-07 11:01:11.802,91889.40064462037
2026-01-07 12:01:58.003,92090.66857776156
2026-01-07 13:00:52.493,91937.28384803492
2026-01-07 14:02:46.252,92009.90639650231
2026-01-07 15:01:09.074,91913.83599904794
2026-01-07 16:02:01.231,91327.45536495079
2026-01-07 17:01:33.850,91176.90533283174
2026-01-07 18:01:38.646,91229.48252200357
2026-01-07 19:01:18.638,90795.41853741097
2026-01-07 20:00:35.813,91112.86215062984
2026-01-07 21:00:56.361,90942.82198815665
2026-01-07 22:01:14.045,90999.34061233037
2026-01-07 23:01:38.244,91109.197352891
2026-01-08 00:01:31.222,91279.56570116522
2026-01-08 01:01:10.744,91313.47061156535
2026-01-08 02:02:19.834,91326.27938978586
2026-01-08 03:01:03.612,90851.58137923626
2026-01-08 04:01:42.083,90651.92565753423
2026-01-08 05:01:43.153,90908.12093331301
2026-01-08 06:01:38.286,90709.90270139494
2026-01-08 07:02:10.963,89801.87826972643
2026-01-08 08:01:35.049,90436.90211595457
2026-01-08 09:01:11.955,90113.11108556789
2026-01-08 10:01:29.642,89953.9737335651
2026-01-08 11:01:42.538,90336.8452013121
2026-01-08 12:01:31.024,90102.42196608061
2026-01-08 13:02:44.313,89862.44326525465
2026-01-08 14:00:21.579,89799.62786464923
2026-01-08 15:02:10.164,89832.6869096085
2026-01-08 16:02:26.896,90756.33443493617
2026-01-08 17:01:41.429,90835.33632820725
2026-01-08 18:01:44.276,91280.78233290513
2026-01-08 19:03:13.841,90971.51274370613
2026-01-08 20:02:31.210,90778.5368826718
2026-01-08 21:01:25.507,90846.03961965353
2026-01-08 22:02:50.167,91186.02969446404
2026-01-08 23:01:29.936,91144.08785249206
2026-01-09 00:02:40.359,91006.17743088726
2026-01-09 01:01:45.980,91191.15227716474
2026-01-09 02:01:49.759,90958.3422526683
2026-01-09 03:00:17.599,90994.71756995487
2026-01-09 04:02:49.337,91102.68492788244
2026-01-09 05:01:34.460,90931.48795241989
2026-01-09 06:01:24.537,90914.96141127749
2026-01-09 07:02:14.822,91008.33617067951
2026-01-09 08:01:56.024,90671.47206532785
2026-01-09 09:01:18.721,89875.94170610893
2026-01-09 10:02:06.049,90217.9149749356
2026-01-09 11:02:24.669,90415.78989562979
2026-01-09 12:01:12.652,90375.88188062797
2026-01-09 13:03:39.347,90356.60572423627
2026-01-09 14:00:36.635,90523.67187081781
2026-01-09 15:02:35.766,90014.42958104976
2026-01-09 16:02:06.960,91106.58180240265
2026-01-09 17:00:15.493,91516.64563560692
2026-01-09 18:04:00.980,91315.91891676773
2026-01-09 19:02:51.939,90576.40547817477
2026-01-09 20:01:35.859,90184.18185178905
2026-01-09 21:01:50.049,90181.26835408638
2026-01-09 22:01:50.510,90382.07616369051
2026-01-09 23:01:30.544,90501.12609798246
2026-01-10 00:02:22.057,90513.10972085517
2026-01-10 01:01:50.934,90479.05127953873
2026-01-10 02:02:28.519,90584.38021300215
2026-01-10 03:02:26.947,90563.20736871904
2026-01-10 04:02:22.612,90516.4196390658
2026-01-10 05:02:19.480,90337.10544104721
2026-01-10 06:00:05.972,90477.10336720805
2026-01-10 07:02:38.275,90411.41406005711
2026-01-10 08:01:26.469,90550.1254728524
2026-01-10 09:01:36.994,90536.31233043248
2026-01-10 10:03:04.886,90626.47106220131
2026-01-10 11:01:08.105,90706.43185761382
2026-01-10 12:02:29.171,90610.94754141169
2026-01-10 13:02:40.498,90615.82686099659
2026-01-10 14:01:35.090,90535.42846457014
2026-01-10 15:02:22.314,90457.5911430405
2026-01-10 16:01:46.849,90543.90135526682
2026-01-10 17:02:13.277,90562.0776758831
2026-01-10 18:00:52.634,90435.06588523755
2026-01-10 19:00:21.369,90467.62620146402
2026-01-10 20:02:55.860,90510.82542755413
2026-01-10 21:02:24.613,90448.41475268416
2026-01-10 22:01:03.273,90389.70963179453
2026-01-10 23:00:14.104,90363.86140473763
2026-01-11 00:00:20.082,90442.01907847001
2026-01-11 01:02:29.593,90501.27929051575
2026-01-11 02:01:34.340,90512.07969256911
2026-01-11 03:01:46.339,90592.97255985778
2026-01-11 04:02:46.700,90606.45654288269
2026-01-11 05:01:57.896,90671.412556998
2026-01-11 06:00:09.731,90647.32333127785
2026-01-11 07:02:19.457,90629.48552363305
2026-01-11 08:01:12.317,90591.01576682138
2026-01-11 09:02:49.909,90667.37243140973
2026-01-11 10:02:46.410,90618.27942647463
2026-01-11 11:01:29.147,90609.85742051488
2026-01-11 12:00:54.283,90594.02833071497
2026-01-11 13:03:39.587,90832.94805593694
2026-01-11 14:01:06.444,90735.04000387069
2026-01-11 15:03:01.702,90965.74726908172
2026-01-11 16:00:22.939,90683.21305430884
2026-01-11 17:01:11.683,90910.27020511367
2026-01-11 18:02:00.521,90845.08072008625
2026-01-11 19:01:58.673,90765.54313335926
2026-01-11 20:01:33.301,90568.91129749212
2026-01-11 21:02:59.136,90529.8915865248
2026-01-11 22:02:55.996,90560.70509308028
2026-01-11 23:01:49.470,90438.21120646725
2026-01-12 00:03:07.416,90819.36598904192
2026-01-12 01:01:23.236,91132.02955442139
2026-01-12 01:49:31.000,91292.63876419162
